id,1554,1556,1558,1560,1563,1567,1572,1578,1585,1595,1606,1621,1639,1662,1690,1726,1770,1826,1895,1982,2090,2226,2395,2607,2871,3202,3616,4133,4779,5587,6597,7028
N_901,-0.4765635997471511,0.34667812201307474,-1.3900169224086254,-0.28058713389218387,0.7099200419007744,-0.02570293667201752,1.1547138345960817,1.041113870313802,0.8924161245616212,-0.507985916945791,1.5777179384431783,1.8219232004780632,-0.7152680360312739,-1.090008948725798,1.1242238391362511,-0.06691506843760556,-1.415726054215855,-0.5922241386232504,0.13194404369702678,-0.8904115242716769,0.6424685777497109,0.7860305523146085,-0.22773979358420582,-0.10793964270155701,-0.758810360268758,-0.15331657492662806,-0.7242676474814973,-0.2910756923276548,2.036720823111625,-1.7026433657625668,-1.2495634761487058,-0.042096365970647476
N_902,-1.0465385637413702,-0.32894373348061967,0.04791113352291469,1.220592321267323,2.5818481252546026,1.1927710796848974,0.5978521532022687,-0.3104236431779641,-0.56945768023887,0.8439128242238254,-1.7606998912765879,-1.2758209738417878,-0.6555927262509287,-1.2172047873189251,1.4168283909898527,0.5990113867130579,2.151807133710447,-0.1809381495361386,0.4102684723972913,1.4090982598446786,0.3416712517018265,1.7805553704548958,-0.3287424659297092,-1.3822862083169014,-0.8188901964681026,-0.6918047996351199,-1.531599328125457,0.066207457127247,-1.1449921670397365,-1.209974461237901,-0.08402492984021107,0.8723284969107342
N_903,0.3956031837618516,1.488082645794871,-0.2513548903441107,0.9325577311924124,0.6245815849440651,-2.2261727128748787,-0.46492135322233136,0.16156343029672673,-0.233099032192004,0.8968484019700331,0.3510686432786372,0.6324795395086283,-1.207929605983739,0.2202941946114616,-0.8899255028850934,-1.2869802607409666,-1.2352774800429664,-2.4383550724729868,-0.14884008628836165,-0.7241470876974331,-0.9397754417768435,0.3144113476918983,-0.17008786132486078,-0.6862625685630468,1.9307419178147978,0.6634575528470285,1.2074941499264458,-0.7923048095567372,0.168198477993315,-0.2301946853646652,-1.323786697396385,0.7231505177140689
N_904,-1.0382169194153297,1.230430380253704,-0.523564045254387,0.555141713463344,1.4589612406018981,0.2783841572246159,-0.37812822832395593,0.9433978628845537,-0.5613535274915442,1.172891774917556,1.0122200563119028,-2.2657008377883376,-1.6930815215222248,1.0073517422699876,-0.4179576412902668,-0.581217818676236,-1.0569422613918522,-0.40246465458329617,0.7372090832820254,0.02829316166723203,1.8149672714897422,1.1722965368116198,-0.5926695820591584,-0.2134274320603817,-1.2438771184556152,-0.3084131686658145,-0.5750405861499108,-0.4072268009188335,0.7767247017743175,0.32877481452864116,-0.25027590051151194,0.14040251393749983
N_905,1.0445108932089051,-0.4025723469864535,0.46470137799796546,0.14320306404116875,0.48382449139652506,0.8607538331602133,0.3862647644319175,1.6291898908998523,1.5235646598184496,0.272834388066855,0.05245543254801397,0.23950092223372466,0.42540342076080495,1.9277590784376228,2.0819025059403455,0.22103125966094014,-0.03982443963684184,1.0123524111257831,-0.41992858278933237,0.345559831096964,0.11475126638014718,-0.4476392814096716,1.357120623201548,-0.45138561334901417,1.4847600601277127,0.5729812552897642,-0.5313691379806537,1.4414906525720483,-0.7997100108155858,0.21231496150440832,-1.7253769153325458,0.7415384575725238
N_906,-0.8605709097770793,-0.2845598301512275,0.15066459453428538,0.2564715879784038,1.6428429208683033,1.0228720128819657,0.27925229673632934,-0.2724457118483175,0.41655232548579474,0.0806686473576366,-1.2001004834407965,-1.0955179581402088,1.3403154160919917,-0.4804826308414043,0.4529649098536267,-0.46348583687750516,0.6008880841735739,1.1662100127115438,1.8124566217816804,1.411564082716076,-0.19936299836678234,0.12798963588684883,0.12030064787658525,-0.5552548216197384,-0.9050131212891279,0.5390218369172546,-0.20777327510336446,-2.1137005815619e-05,-0.21980768973743492,-0.7244378178145685,0.32938798425178173,0.324933835137811
N_907,0.2634830671652032,-0.6410838073657066,1.0443268821736356,-0.8724749915067295,-0.28196646805712555,1.0525062710560964,-0.08215890498343074,1.040992327973056,-0.7071209392568103,-2.2981856609299447,-0.9942261558982481,0.20180483356167322,0.16986840945660642,-1.4311025857602586,-0.36166916589851494,1.1428567338692561,-0.9950886044370567,1.2598107796229565,-2.0074886920736876,-2.0952164015831825,0.959806851848807,-1.606062330731001,-2.412031601629989,2.395381458537589,-0.30917125896918674,-0.7854027892658352,-0.02054623915938724,0.21937953286626155,-0.5407366603770043,0.32793165587320366,2.2753390818775228,1.3189395775405197
N_908,0.5005115715650343,-0.399190464174395,-0.4825144751600079,0.13555042276134086,0.23047007325918503,-0.5567293527263912,-1.759875330269028,1.6291930238494714,-1.415675457399405,0.6179285608739172,0.410556834374537,1.4985844907283241,-0.5312969716997084,0.8201964230977828,0.15787518007931975,-0.006728893601177731,-1.714066536325059,1.1097984392439015,-1.0765611039424778,-1.2317416136094963,-0.4576662248079499,-1.107845621101193,-1.2940363841848974,1.6599887264898665,2.6174623267872703,-1.0064493052981898,0.24430743370870583,0.25591234271353713,-1.057988251293933,-0.8976982662915731,0.1150367094495081,0.8039963417535512
N_910,-0.16797434002630687,-0.9643351470391887,-0.8079384434679213,0.4079372968883592,-0.4456272423584821,-0.16862480193413584,1.0916179470827911,-1.4404388195707396,-1.905544447958301,3.214025085409137,-0.28709972076911067,1.436839258600442,-0.22079749428088374,-1.7098440763317422,-1.6849265471170882,-1.7647225798573178,0.8680012903294818,0.6726769355364253,0.7509650167176349,0.8096085918927501,0.5258270490923905,-1.1541191842571172,-2.5624374787948114,-1.448088753631204,-0.18784609624726117,0.31675301762617286,-1.4871250092255477,0.9234364772318857,-1.163059020631327,-2.0188893689850547,-0.27868234163489464,-0.27674568803121047
N_911,1.2702677941447764,-1.0961767480903186,-0.7196579504655095,-0.12655737669540043,1.2936232283454288,-1.0830309059941545,-1.3766043688067562,-0.8089721770644819,1.9322876990215974,0.9993160732715333,0.3759854688340435,1.2099288774122092,-0.05482214508419531,0.09522542543659551,-1.0244488628662698,-1.0581519441288685,0.7296155388053326,-2.0417307044053254,-0.08462647063145441,-0.212646386295558,-0.636116969482486,-0.6954738184749597,0.8633468613397035,0.4559559931112967,0.16629072783593168,0.7455276001453003,-0.7203745844664596,0.6406975320066246,1.5843440253313419,1.5945564987094412,-1.231317583043668,-0.3410166276230891
N_912,0.08989571974438808,0.270928307723374,1.3376471994344188,0.9403785706290314,-1.236872513619438,-0.6855442292022494,-0.21627109870812816,1.4558001725885388,1.5930520714717415,-0.20395557006176557,-0.019616628137766066,-0.3821152054356089,-1.4496623284022168,0.16195431980291553,-1.0432569401740635,0.20432519832705814,-0.3967353694813769,-0.9283468296369228,1.731172511407375,-1.7305327573453808,0.16773432909519995,1.4184109850951965,-0.1369757839027497,0.2071654007939037,0.09208343200304205,0.05236493676363863,1.3635234634040243,0.6519580563148498,-0.8011593666906327,-0.21617230364718576,-1.6182634697456213,0.5464794940896484
N_913,-1.1407738867041204,-0.3835611332439541,1.6117832101209049,0.6955793254053896,-1.1134114353704034,-0.8602642012459232,0.8007803333257305,-0.6980766460365654,-0.13506360024933528,0.44434019063897634,0.85411561214381,1.0019384741902497,0.020238721279065612,1.3417471410958492,0.7247607738865022,0.8180240769696938,-1.2736367581605574,0.7607247728215311,0.08354937641897994,2.260960028411334,-0.08845335288722163,0.8663963651981399,-0.16747074667912024,-0.2689896215063072,-0.33719291011465735,-0.47778462998154114,1.3505576858778638,2.6734748771267207,-0.7471486669108162,-0.44883951745091755,1.7883618295675843,-0.7308454553866047
N_914,1.7973738970460047,0.9627878662662891,0.227313309738728,-0.08227662568513987,-1.4140850245140648,-0.28773783894261695,-0.4650538601834469,-0.30510418174144527,-0.07527178901383266,0.7708520418609419,0.1352720360865126,-0.5023796611647858,0.059730185362098114,2.662080415265937,0.3448751860965789,-0.013204941556596008,1.865670151323713,0.3143998289387372,-0.9851780180266173,1.283188429228814,0.40925412522594196,-1.809179376457418,0.5525295361350335,0.09411681076736185,0.15791392437408744,1.7336714643660334,0.8161263835086724,-0.7353584699083291,-0.025597014500717847,0.22817535059673838,1.664208342061066,-0.8217035959810701
N_915,-1.5147995721272387,1.3757930994132286,-0.24966058086781756,-1.5393066045593689,-1.174651603157056,-1.5775409888941054,1.6909293566609584,-0.4306744946147941,0.21535972628443723,0.25173762338218597,-0.13505908156565968,-0.4259422973569404,-0.7820261048342694,0.00761276163384139,1.2941094361953682,-0.1583525138188613,0.17404645706852093,0.20477310560799802,0.44940976887894946,2.028113553810709,-0.1977370539386301,1.9054813425927848,-0.8586522949339492,0.5558184311845359,0.25158045681411695,1.4584219888384817,0.2032386196652727,-2.0643416257658624,1.0118151149273356,0.08733225871855865,0.21204796554916244,1.943233806743664
N_916,0.1644916414330985,0.1321149517994055,0.9030604567854387,0.7069776943771836,0.08325228920701094,-0.2381230949519982,-0.8994386973801524,0.36757968582422074,1.6554673385144436,-0.21127124605237704,0.16628275929482156,-0.4740041911624536,0.028343576344180166,0.09830698945285977,0.6809448448616111,0.26405774117168307,-0.09438229948263827,-0.3490290142143973,0.8291334742683112,0.06388694983405185,1.4739086271221702,-0.6883912542647924,1.9619220273713063,-0.7989891349452278,-0.4347288286950472,0.032062461502206485,-0.2501570394162208,-1.4399402781641562,0.4056160330028701,0.4928630715602311,0.6953872671238472,-1.4031840501664576
N_917,-1.3683784741148635,0.39591494577112174,0.3663979382525099,0.18813033361045398,0.6170526022149828,-0.9852299880025446,0.8057097545493404,-1.5220317956857998,0.5888680252860676,0.33508788450253574,0.9536559149940471,-1.0672072411365836,-1.2290759123200536,-0.6342773696860456,0.2981567822014809,1.2914387732586343,-2.7626908728632853,-1.5446754265403475,0.349771440264131,0.9064045022389192,-1.624684201815563,-1.2667460598415152,-0.4224379592239162,1.7568311310837157,0.18044856300580323,1.0320081105452321,-0.863200118609813,0.7390074366787251,-0.3174879353978302,0.3983629699013067,-1.415800154620676,1.2387741512680386
N_918,-1.0759143979069827,-0.45346894573239677,0.07460699672651032,1.7187517897057452,0.8625062658527518,-0.9463867142056759,1.8903568413122187,-0.9016555221287796,0.08380382625071402,-0.5064425761415673,-0.4141193870016139,0.6893913675621324,0.4721241019650791,1.6711216421104291,-0.11623490704735273,-1.12277783847239,1.8395618461277865,-0.9826630421676467,0.8113628065322301,0.598339220704609,0.20292131725718526,-1.0506334477843757,0.7504479065992016,0.5098940430221557,1.0135956095877159,1.300413035970579,0.11881929567451885,-1.2640211110135333,0.656807452475516,-0.6919027111276379,-0.7810346622234758,0.13656851052355806
N_919,-0.23282850355747078,-0.5759846421110759,0.15986018482362457,1.6077329933411677,-2.150547529324276,-1.0639326764043708,-0.7807386834773297,-0.919678213547799,1.3907900847141428,0.7129112008595515,-1.1418765803535578,1.1897930905256768,0.11057292622750954,-0.562803036251123,-0.1053316384729367,-0.05229429482237256,1.0076893233780893,-0.3465260637097899,1.0836771595636727,-0.6398109281417318,-0.3011556497870764,-1.266383406425931,-0.7311669887143377,1.6102850083238327,0.42935724670574893,-0.73401643498918,-0.46005395824850126,-0.3826127792926699,-1.0152752330667951,-1.4191474726814253,-0.11738975806986046,-0.8244903144883315
N_920,-0.8678019338909888,0.8439854495528606,-0.4828003196660659,0.605018997774491,2.163239095629351,0.16417852027130245,1.6027498519364998,-1.5896155095792328,0.2549528348811067,0.06188976602735406,0.30342888482207475,-1.4511894055606236,1.325958248501179,-1.8607175375126248,-1.1759202255207697,0.13877894936571827,2.431035734211709,0.4139555911242817,-0.2984675962410629,0.25972795386918607,-0.5109607344600295,0.28548595690908213,2.0111440825743485,0.9722501385921034,0.2068357414537952,-1.3339051264068669,1.6142943029558938,-1.119859301308078,-2.1112791152759876,1.6558574589117099,-0.338722472486453,0.07791440432959049
N_921,0.7649377189884136,0.9926983146335276,-0.03530872012673743,-0.38335265282125436,0.22185680527708065,0.03133171782151593,-2.2319913025702003,1.4835194515064167,2.7660789332307867,0.17317253873532912,0.27211481019561556,-0.458548445155002,2.09624401914817,-0.17236231350284367,1.6102783367085634,-1.1872418205350934,-0.04428839625137542,0.9533033494925919,1.5059309205491422,0.43871605660472596,-0.5063273753002109,-0.42759274538480774,1.0650500760772683,-0.8473081444877377,1.6731035089857946,-0.3042018387286333,-0.06935975881175498,2.114498086335136,-0.2582137213264432,-1.21921168954803,0.9826387160284256,-0.007665233478200609
N_922,0.30559088853270866,-0.09369835397004105,-0.14108503224993219,-0.6066496585888056,1.8799112492050636,0.8559829802226515,0.015529649854615506,0.007001642012070205,0.3702783932973256,0.35121375547660444,0.2276699739312945,0.16886808325316274,-0.5209348925226212,0.017897296853390122,-0.3600413017415628,0.6417791522567953,-0.12258915273198506,1.5961891813311444,0.01279908777972886,-0.4267501976014645,-0.7498315666699423,0.5965835957121965,0.9679622125500849,-0.19301834551802322,-0.1959305728070125,1.0763444957476416,0.1413916454665745,0.4668744893187518,0.35511889822337467,-1.4311136923685517,0.1844860110058763,0.25739857352172746
N_923,1.4350388862839107,0.5588751308985509,-0.8783659336522792,-0.9407601687162659,-1.062272793538272,0.7317041736172569,0.7289497317148017,0.3053787215916776,-0.18492577798652607,1.262837630423648,0.15247022698985302,-0.36044144012979784,-1.4944907489980135,0.6157734276843745,0.9190796451697593,-0.9110359987870208,-0.6638243626534557,0.2992871260794552,1.7409356077014493,-1.1934729799758834,0.9128055184521545,0.4329500940062684,0.51747907162351,1.3584943786139647,1.0056275012505662,-1.417640407060686,-0.9490955227876162,0.2951312272680347,-1.1451920899396169,0.21926108714770548,-0.28613241294985925,-2.5430780698415414
N_924,-1.0546740160540489,0.6354536464982398,-0.13352675411514908,-0.0031452882994710495,-0.09074906824832867,1.094197267579847,0.8185150270897773,-0.37200615627874434,-0.35469968578986216,1.264105480684801,-0.5437942050898451,-1.3885415331753272,-0.9610109308385402,-0.09370669194118235,1.6288466504236128,0.14436009149969858,0.4303346062424504,-1.136785242387639,0.24243805840430038,0.9546380345750473,1.3465986884560746,-1.9027989816949862,1.6100282624547755,0.1441597335065473,-0.40739522627101565,-0.9512928158071998,-0.09750934566571519,-0.3692852444831448,0.03789985402890706,-0.07506527549728975,-0.08542925373867699,-0.27663968588643445
N_925,-0.07129573932722261,1.259978748811654,-0.9528011831550681,1.5388420181596216,0.399552897853642,-2.7041908171505074,0.5099327409984081,0.3017831960974571,1.2606262028374093,-1.3712202255138928,-0.391000874779252,0.6038325222379083,0.28168208712295584,-1.3827115284477298,0.35435517226471414,0.013499572411581845,0.8523765027128273,-1.2376989823522841,0.4848659868675216,0.05799559840009724,-1.1831015325300915,0.7000708711085586,1.0908961541103264,-0.7449227449911051,-0.16274170323899265,0.4396957082529525,0.5735593854996623,-0.19134690827889475,0.8425909199840873,1.2047189021337763,0.9828042900418242,0.8326750669899214
N_926,0.7239027519041398,-0.10482391965198076,0.1350207379072641,0.5787685543231211,0.007691909232552327,-0.6141018378519865,1.5984520356036889,-0.7281071557430541,-0.004113468073277069,1.09164924102107,0.47222457642239,-0.07725270122956807,-1.765776881004938,-0.2268971623462488,-0.8295224757166096,-0.12377873114721999,1.81019709118665,1.0267346495385183,0.5182529713920855,-0.6107769091602571,0.13753401105199947,0.2012656070127327,0.9931115366666106,-0.548918655836646,-1.3965787680345736,2.0337017100347596,-1.0943323328814927,0.7297798453125306,0.20522356599431107,-0.34893266849551713,-0.34657862144524587,-0.06384922978118976
N_927,0.8482954041560586,-0.022625768366518487,-0.8035618425744587,0.2601168969906749,-0.1503091014412148,-0.5363872744848543,-0.45662268475415163,0.8134394484927348,0.8775172079777674,-0.1192885348102801,0.241229249041505,-1.3173281724620198,-0.3077186637632922,0.25520575112837657,-0.028426375616996083,0.03921609794114462,1.922362827751586,0.9552329327115745,-0.9421201813940401,-1.4116787625187113,-1.6853016127354083,-1.0828943005995553,-0.10138736415552584,-2.1868237661706327,1.1741773811688534,-0.2598357829268591,-0.5144096122462991,-0.6180436394751221,0.9653702486659047,-0.950488788132824,-0.10037086333234237,-0.7329625795548348
N_928,-0.37251816306492097,-0.6636020819374628,-0.5542206853001823,-0.03352348965829905,-0.25242381687011484,0.32005565089119503,-1.9600977337971397,0.3859779338363413,0.7339278396581084,0.08319523549371619,-0.524477997476418,0.07268156244108115,0.06016023254119453,0.2585095289774274,-0.8404213588123988,0.11719674931074725,-0.23675995985940826,-1.4443500099161173,0.9679062656173919,-1.9065703060525112,-0.3408056701251715,2.4319217222200367,0.5754397572391704,0.5767160410045192,-0.7016159046987969,0.6854913259624109,-0.15101788819731365,0.2035139532454403,-0.7799347241462747,2.1317020185819264,0.4573974338313945,-0.21250292497394555
N_929,-0.3455366321175939,0.5670809956330564,-0.7702314659085135,-1.7395055912364537,0.849163853848144,-0.43614212365685334,-2.155508558757421,0.5521265977712393,-0.4850089970652073,0.19002066346517285,-0.3074966065659386,-0.3441409564059401,1.3295634818167539,-0.9510561172523605,0.07105500908108991,-2.932800503170592,-2.025144062433583,0.44507999784221125,-0.43649596338282365,1.9783363463294836,-0.007839847622966682,-1.3599014611874685,-0.03617411376520071,-0.5161426616008808,1.6458814723866237,1.2657560223847646,0.954563155520708,-0.7037150771352058,0.25750596604912884,-0.22780766179803225,2.0259692482232285,2.0326264217461265
N_930,0.16401070116992342,-0.0012098889564846943,1.4162186583714982,0.9584254117051065,0.6426837829424404,-0.31269274556495497,-1.2779018474200539,0.7101290511733559,-0.5768951141387894,1.683666513508721,-0.19495099893387605,-0.9746630879586363,1.232730312295147,0.12863116289087437,0.2783699024174753,1.924278304850434,-1.4750454746072774,-1.3285861469868903,0.6522437803564899,-0.45504777206658636,1.0424564837655927,-0.2150607439694214,-0.09895529406408086,-0.38729634156442255,0.14129839263039468,0.6022423139656163,-1.5202598398868474,-0.3455977507284052,-1.6188103376961895,1.7031436611316777,-0.8204614858106261,0.16728717271160043
N_931,1.1058680175518711,-0.6503985525224614,-0.07691323265061877,-1.1692892168414633,1.0822961829641775,-1.1103588981239163,0.10980201049202781,-0.8310028921420437,-0.19446420685395946,0.7207216441779345,-0.4527145505679732,-0.092802882578606,0.21553179046257426,0.3220836693718606,0.8646283561092195,-0.6969979917423158,-1.0233535962553961,1.5066921565264328,0.013647882236116795,-1.7385126245292255,-0.11865917527299233,0.13389903279392157,-1.5528998491365733,0.07931885720137159,-0.5576033578061735,0.7723822331348966,0.7936633691204091,-0.7173305643518961,1.2612445314627865,-0.09505784434263156,0.8473071617512237,-1.1960101104483833
N_932,-1.4602187121103458,0.07386942573718498,0.1252506674320079,1.6996921759558705,-1.5896958178977667,-0.060989396160398356,-0.6133809445206275,-0.24176354565128466,1.8433905153418595,1.235633896757862,0.5804845577917169,0.13741325885619685,0.64207392047921,1.9342840330935573,-0.9173425821789294,-0.6836811677124438,-0.9533658273483162,-0.345642471842024,0.9924053169557756,-0.6910921745288257,-1.2898961615900304,1.6333738171866197,-0.8932290130374427,0.07156975730986823,-1.022416440009599,0.7485588987979656,-0.8206726858295857,-0.21525656413816482,-0.5364004411460603,1.93541810188448,-1.8652905490212386,1.269886029422685
N_933,0.09761765003048613,0.0307870841634747,-0.9698912537572477,-1.8425285996794827,-0.05332016732681925,-0.5596261239319971,0.17975524476504987,0.40388667217204727,1.0258773224952356,-1.079813485892283,-1.6338063988364453,1.6925884777179558,-0.18766693144147797,-0.8791027722580155,-0.6219906701432277,0.8020632742401543,0.3023070842742466,-0.7011337661123026,0.19904507032043298,-0.3453643338915131,-0.5997120549158607,0.6572490342101033,-0.18992629666188543,-1.2914324623661058,0.7046687331457954,-0.14224395034640308,1.235325563049691,1.2485666741219694,0.7693596750687433,0.479939212751057,0.7713766754392543,2.0809593717336226
N_934,0.9856864185278076,0.2106888900630216,-0.23922174316723654,-1.0605050373556664,1.3425577858656554,1.1548570326413967,0.8851460407224132,-0.7043015221711214,0.8145100638747413,1.6899438597327516,0.9249769524934889,0.8590165086482606,-1.2073132714815522,-0.12686864201418785,-0.11639240056857761,-0.43844881577812655,-0.44829779679705795,0.9346961744366246,-1.1551820089393716,0.8156039606905798,-1.1137253181997815,-0.12245642581332536,-2.083236391813779,-0.6072816920815106,0.22727558776614476,1.0437158833747144,-2.271810592573223,-0.8743610761240193,-1.342983383992731,-0.3336921245786659,-0.09212445231251985,0.7389077465667082
N_935,1.3179264583048658,-0.7711783124253955,-0.028330672601246033,-1.2549353850178755,-0.7337733601788107,0.8147348686703205,0.013478619001314118,2.0242536694693287,1.2106231692284368,-1.0497458145194578,1.2378835840193292,0.7194328539020363,-0.7830903949032467,-0.24658950569360158,-0.4412466171107346,-0.5625501436836541,-1.8568196621958815,-0.12709724205014394,1.078657750411552,1.9053349702505296,0.23871068543165527,-1.1834311490433165,-1.14643539158403,1.3439415633588814,0.14814408418131694,-1.035621422802447,-1.810460506854156,0.1369462622761017,-1.0991102870122684,0.018247140876685608,-0.02149390541858184,0.07924246309678594
N_936,1.4914290681878788,-2.3648938831163786,-1.9128637492218468,-0.22635492020595502,-0.5113440920206053,0.1881990055678963,-0.5614137968961702,-0.5386729842283295,-0.18396733724460756,0.691721377444341,1.225534797650772,0.2024796986533354,-0.024607353996294223,0.5477307613760852,-0.6698333112652999,-0.7364909237120908,1.0178584281399676,0.1920128647526997,-0.5865687386960136,-0.6703598742237374,-1.9044413703090615,-1.0921342812266903,-0.34129309997090623,1.9102811776656106,0.1958339794673366,-0.26084077641663495,0.10820523611066604,-0.07278103080160787,0.10358795353857676,-0.7519145741081884,-0.7968445451224422,0.7079354908562931
N_937,-0.8746776876312067,-0.3193033070024759,-0.24472986115482678,-1.5032137973630895,-1.189206307563367,0.8011748912984877,0.9846481521507369,0.12064556295076048,-0.07199423791392762,-0.8260597605025963,-2.8197907722033215,-3.578064315675498,-1.497618270900013,0.600113021369931,0.23810382708006933,0.031043551542135634,0.8024173806289461,0.813755172361847,-1.8057600487118348,-0.6286556145282121,-0.11241483089823799,0.6331721406150937,-0.6216070439594606,0.539303276597866,1.5963163366809578,0.5994600844394593,-1.584171469188447,1.288087875073556,0.8738493559639459,-0.36898679407918,-0.9504130563071472,-1.1070110030839848
N_938,-0.6911208682367699,-1.6019336836620295,1.0655845185051125,0.06035925574330015,-0.5525521458646389,0.3690348816177296,0.4916100610452118,-3.1801244895297995,0.39942499664543213,0.05899955680063428,-0.9869698993759445,0.5341051823517531,1.4420276271229469,0.4487947729676947,-0.8342213835704446,0.5636567733899154,-0.5200464981507779,-1.2373681735149062,1.3571199099654827,0.3452281377300062,-0.4731351090705834,-0.5932820178899879,1.0848849000286462,1.238900427548572,0.9432730889020832,-1.1306634771309185,0.5568485586101432,1.6369904114885983,0.5640263796183831,1.2924721189574622,0.10229536269809855,-0.7084173935723604
N_939,1.5679140770835667,-0.47289140419847,-1.028131968327819,-0.9322255305944427,0.30997469383719223,-0.7361794709529443,0.16708255433895677,0.7718283796419869,1.5583475258176156,0.09754363835263462,-1.154431231023505,0.6213364553554863,-0.317646049431265,1.2276073796245055,-0.38019745349213113,0.23312543051968757,0.7850504406756291,0.43449110115739487,-2.5645539412349163,0.245127847376624,0.4046341565707064,1.8169625517971362,-0.883686644046921,1.1008407679542447,0.6934597895760473,0.7753228695235598,1.0577195774479402,1.7040841770570236,0.1980048407867641,0.8545509752316481,0.0779292689870891,0.569054511161206
N_940,0.97603629363829,0.44511872088238386,0.3085634986153755,-0.20690941685116257,-0.16397660648879794,-2.690412478870461,-0.1880207095508801,-1.1229296721117865,1.9287135407395999,-0.7965185414730525,-1.762440969138209,-0.30830300258991666,0.24104373240004773,1.0039565210432984,0.38781182389738994,0.8399113087523336,-2.0288220807509685,0.4139157490080113,0.9985251874908819,-0.5457802909754933,-0.4662363563472636,-1.38423884385793,-0.38025004159484577,0.13178826161418167,-0.08129028140836987,-0.5838583229360235,-0.9242096294700938,0.32885330225505566,0.26222247545542154,-1.7428851935013578,-0.1617470487320937,-0.22561989882377567
N_941,0.6932521079276494,-1.272115986651859,-0.17837214616295732,1.010034114586502,1.0300046009563837,-1.3157123391090966,-0.6720860531227217,0.9268627344213384,-0.8588629053918232,-0.11138150673107654,1.1885572212955224,-0.022883405793366667,-0.6168317004518845,-0.20553458349530432,-0.12860364553082798,0.3648001175895273,-1.1661951675512983,0.4536013422025775,-0.6865783044241562,0.01996277778647394,1.3900099220839344,-0.36970801293652483,0.7662141901027961,1.531030931470245,-0.15173045889292971,0.9761655241055155,-0.8925655815006817,0.38121779968830743,-1.1557353673960566,2.6166841290327576,1.0695521784940007,-0.8545905200250268
N_942,-0.3467931862006748,-1.2059675885627212,0.761867592074183,-1.565519500376058,0.5916449499216757,1.1645207752001994,-0.2568087366271586,-0.4732102858360321,-0.640821718086171,-0.08897473830072486,0.20759677885528724,-1.9126010227511954,-0.222170336876169,0.11244233742967684,0.3484829707856437,-0.5126646135230852,-0.337093696529642,-0.625493988773604,1.427048341515103,2.2574072621188486,-0.8300120725265626,-0.5530276205429492,0.41556016374710125,-0.40724771416198635,0.021653041905443857,0.7199509225836489,0.8071209356170305,-3.119363715840599,0.3708765890034301,1.3369205840731095,-0.17183893231874875,-0.16539146798300522
N_943,-0.15322155715150834,-1.2806803601720793,-1.1042226145730434,0.17382651518938963,0.7481137248611449,-0.09659217088028496,-1.6840730765462573,0.956013253347305,0.7121313956758394,-0.19287595738116917,-0.9436915756121119,-0.28682657245145265,-0.09687411030195682,0.5143810465607801,-2.1452382221253457,-0.4556636874973028,-0.4547163974414573,1.7570399181761585,0.42280115146524266,2.097597485169487,0.05902054765258642,0.17562625827777315,-0.3811372178418915,-0.32090678287380575,-0.3690367394969035,0.8895198003614165,-0.14834973100204898,-0.8266452698123354,0.7907899775527428,0.13755574689176006,-0.3188630096736495,-0.6569282678385271
N_944,-2.2836008635827767,0.6584948576089077,1.1193991358817494,-0.7605578756418933,0.2705860492322256,-0.5968370788226924,1.868166881676448,-0.19753201147292676,-0.3730274644408416,-1.4225540382739492,-0.8299551146265887,-0.7105987346317751,-0.5659099959966463,0.7717569482819727,-0.5623077453242,-0.32054003031416234,-2.3222433550240362,-0.1950876385675158,-1.1148998750508976,-0.18307610509916586,-0.30563014280012,-0.5297872639416383,0.23458400221924217,-0.34601820563393676,0.2693656035135961,-1.6333275520283432,-1.8901300265750558,0.3907849238628935,0.19504409669969908,0.8673140566851624,0.5202470339518899,-0.9350540356532392
N_945,-0.4491355496777235,-1.4931049156456606,0.4909256394876376,1.5300584063233893,-0.7768449065067164,0.7224104737674298,0.9589301679659538,0.8863994362192342,-0.7681970817712723,0.5782148175533185,-0.8307825247602998,0.4354340365493191,-0.06130219144497047,0.745453702432222,-0.2539240026425068,0.5056198521691212,-0.09068145097221049,0.08657233943519031,1.4515506925246704,0.679586408249496,-2.9071235970647953,0.006214643084250736,-0.8112460832194626,-0.7812435707032964,1.1284703304040835,0.6740348779955004,1.149738139259898,-0.19959070539470758,0.5545909920974218,0.32915927233938086,-1.399334794480516,0.4162360892472727
N_946,1.7240474399150636,-0.1120391905315632,-2.4176860754558067,-0.05350508754821958,1.9741292556892758,0.6031812474469787,1.789378179102685,3.4118149151418042,-0.6214658048337941,0.07125967242890752,-1.28672728582724,-0.5646151431977552,2.0518825717909084,-0.7492228450918815,1.9368498829670984,0.25068271047977514,-1.0064828533761565,-0.918484525947762,-0.11201756096358204,0.12128583428566088,0.3852772552206432,-0.2137166079484237,0.2629841887453069,1.5552806650977562,-0.5154585023693291,-0.7215715296211611,0.5226408429251768,-1.2122706044429683,-0.8369220435357136,-0.8699600878287793,-1.2833138443511662,1.6374378967318965
N_947,-0.173468321765078,0.7021716150047904,0.5533652394525601,0.23958885598615523,0.16837909462608833,-1.2715613656352611,-0.5823511604069961,0.3172600007865472,-1.5412708434564246,-0.4215544403374699,-1.9853131469576595,-0.2542913798563604,0.506516061711413,-2.320964808739805,0.038446991796861035,0.9778867858198075,-1.0973750994138005,-1.4393089041418434,-0.7101067644855039,-1.49831878640395,-1.310899712630407,0.5429200315353354,-0.10749674459834349,-0.5217963508521025,-1.3091892748844853,0.05418450809539715,0.005479586578022896,1.0317504076356792,-0.9225581269866585,-0.23913553535403137,0.6007993108977233,1.4144811781811644
N_948,0.36851287179560027,-0.4405674864703187,-0.6158489990711424,-0.8121809895140205,-0.4622180892838746,0.18723021003052512,1.3201478551878292,-1.7886183128476596,-0.3856069257382046,-0.33912334049139686,0.2565627539404649,-0.2581254487092446,0.27867067008132757,1.7718145394643035,1.2971958358910927,0.2691726592184906,-0.8011253846805307,0.862721762189349,0.026403794418495816,-1.3511106428231678,0.14563661780158121,-1.6383679556743336,-0.5630390651735886,0.9231216213963138,-0.435241914439462,-0.3403780103648051,-1.8997499222871814,1.2776189553019324,-0.2384544836544522,0.01029096040162129,0.2935359106344143,0.36568960416415613
N_949,2.6406986019552607,-0.3172424611971948,-2.610511754795698,0.18895832668301496,0.6288995038764251,0.6333655402402969,-0.36792810194977155,-1.0702328572548743,3.2149952178895855,0.49605579724568577,0.6983158797745336,0.5271245041446576,1.106541172839482,0.4127742426153266,0.7172710776417492,-0.6494623314180489,2.289351015265445,0.6489711154202985,-1.1520125786487592,1.0872053249253046,-0.40302934066602075,1.4350135797919938,-0.336651166421861,1.5292390595969607,-0.24466879976996903,-0.4485423590633119,-0.6817919397477508,-1.2068048304702572,-0.5419984148126524,-1.4138076415126166,0.40777603157738734,-1.1583650471814997
N_950,2.106362748447678,0.6657510721179485,-1.8379711842439963,1.3441039059678856,0.6968409814185481,-0.5144959610265311,2.542947549867106,0.3661181338143069,-1.847503761111629,-0.07679732136840298,-0.9670597614611053,-0.4737098355323564,-1.8373895880275102,0.2656112091026789,-1.593654540150734,-0.10655975132706198,-0.5354860637916974,1.220708943023785,1.8099703620985692,0.5584022578890369,1.4770635945700576,0.9141773516855358,-0.14038341464093426,3.015915209759398,1.0066470516721087,-1.3960684375103445,-0.7491232946154106,0.6816049118494768,1.462434055802324,0.4291249486021866,0.23683621253378703,0.010620362272419866
N_951,-0.0666652233652405,1.1231122971491116,0.45949804041265013,1.5728981063264054,-0.3893564586297236,-0.5485267250587946,-0.638334746666433,-1.0472826149002492,0.38460334309935157,0.7087813345224462,-0.5672546328409835,-0.49742135720889413,-0.6216914083813591,-0.18540447528275328,0.34711444050233886,0.49830747574678746,-0.4936978617412236,-1.4106224662724232,-0.1746748690744195,-0.25003771494174537,-0.8212356007445442,0.17033901561812073,1.0012820016254613,-0.49324040965312604,0.2972201907969456,-1.1865464734770472,-2.5473161010798413,-1.8839961314876248,-0.2026779777909079,-0.9338360165345785,-1.138193683174274,0.5397497200845232
N_952,1.315415633250609,1.3310326205536482,1.0806858620217794,-1.42369237645387,-0.021961183221854672,-0.9277240164698489,0.4585608959783641,-0.5068462569134141,1.298531664509514,1.4815661760351386,0.053747983640976216,0.42716384690989695,-1.0799545097273604,-1.4892754332670448,-1.7460745207138155,-0.026223734889625958,-0.943942587067352,-0.44243204141727255,0.615235838009484,-0.12382323611091312,0.1320904193376874,-0.9656704954624722,1.6187057959350422,-0.08300008556670427,-1.4123281780069639,-0.9271248808728026,-0.6562339017554673,-1.025312020853016,0.9910484081681337,-1.018962712273474,0.7371639971801305,0.4828408277027954
N_953,-2.296192329039398,0.7593808892114812,-0.5436879407716401,1.580173415942588,-0.9335573292166316,-0.6749510558156278,-1.5959872383262492,0.4723325703625181,0.43276263007923327,2.9275234830419876,1.642131075804214,1.111731780811172,0.7096574748394268,-1.6405460837050163,1.4007855692010236,-0.4268081765642785,-0.09350385122159682,0.4390628865417222,-0.9707220732586435,-0.5262958091133978,-1.0405536457668436,-0.83815210295341,0.15884964936019663,-1.0139674405161243,0.03149588398308761,-0.8134888105847699,-0.13863789233586118,0.6108622185204802,-0.18864785665592723,-1.7154526596934845,0.7779029802899222,-1.5402035836550962
N_954,0.7620094392334216,0.2294767113142784,0.011293395995064919,-1.6011669102567647,-0.9001571419000798,1.0026453931711223,-0.5310216918731454,-1.6483016341712826,-0.03167277221132433,0.32902012940015857,1.0026636243700948,0.25848464401147864,-0.8596360151448849,0.6100311182622972,0.5267201254014855,-0.4423762832739935,-0.7908775040219626,-0.7440170409526393,1.0890644172410988,0.7465118065046473,1.2349660253736559,0.9477611560874034,-1.537981129957776,0.40745760732871156,1.341855809756924,-0.33535075208798365,-0.7703459786881566,-0.285867360874888,2.2431017327722858,-0.13240747335856312,0.9238306172255396,-1.1129162651511106
N_955,-0.09515419791437026,-0.24590241303873328,0.06391086689972228,1.3342305906665965,-0.9705105969973508,0.8169057749510432,-0.7052304172141584,1.6005035866067865,-0.5784679175679786,0.7688017168458099,0.5902798403255097,-0.34012382951417264,0.8459278847563941,-0.15916156040266993,0.5013989442297152,0.4484668378920832,0.6257516528103865,-0.2543098048098707,1.8084278867274317,-0.19103525371034336,0.5108210405685286,0.5220966179245965,-1.5059932850441788,0.778690725129272,-1.3283463305853163,-0.026487715734666257,-0.5189744513404734,0.15235358702615273,-0.1462814243367236,0.45040995431897207,-1.3780868595362474,-1.5866752025859858
N_956,-0.043393487090831837,0.08150710442676698,-0.7090889186636165,-0.42601911601020426,-0.8059048149734189,1.3681856393324,-0.94206758020684,-1.3400498165412658,-0.3255903484994313,-0.1407607148904902,1.4416073621007475,-0.6647368923979,0.24016772340518028,0.27588504407715847,0.8986531754599797,1.1547905307773432,-0.3124325130010473,0.38471284940690026,2.686264869625545,-0.6157630729448696,-0.8944879619929623,-2.0317249099133647,0.9724949033301008,-1.1424834197515024,0.22328052775143226,0.3469446620355693,2.044893072715746,-0.4190965105943802,-0.6576620484162924,-0.5220469790022236,-1.3402556640944692,-2.649924355624786
N_957,0.6831931332286134,-0.6365589165944909,-1.0909178985030492,-0.1346267330042774,-0.5883621206279703,0.07378857644535183,-0.4078528647571582,2.546799995647521,-2.3766627057684446,-0.5942808496113527,0.09287707296009745,-0.543033502055478,-2.473347789365119,1.3874706707202815,0.23168634361080043,-0.08639411721310086,-0.768381717716291,-0.8816904118242553,-0.44708352892215025,0.057411066873329426,0.25906775697139695,-0.10312616992856691,1.045733990683802,0.8098610828043581,-0.06940533428155254,-1.1692964013075533,-0.23588070134576233,-1.272385872840231,0.2673551060764695,-1.3610077894311825,0.008839509722453846,-0.5632670061886003
N_958,-0.5074835202673024,1.1312117116072722,0.5567465740617954,1.8155666736897866,0.7844066818007831,0.6838932783571715,0.6139395187004572,1.3671516855174195,0.36925681306144187,0.9209695332748923,1.019202541830103,0.9833397832492887,0.49269706984627315,1.433939034997809,0.4881783114224305,0.10913543636036789,0.03417533880823774,-0.5730413327258688,0.28848562712267606,0.09456914390995934,1.56752086411663,-2.832645193804811,-0.7714376469609967,0.922700882374076,-1.0941002324146354,-0.3506593988056876,0.009506767087735617,0.3181229236599443,-0.5115351051231117,0.42947490335023225,0.04214442545085991,-1.0127060931832994
N_959,0.655485023317035,-2.0973441583434225,-1.5578422695247238,0.7517823771291972,-1.265227549231393,1.1353056931545322,0.43772126161594277,1.851951463830083,1.3721817833723429,1.7121357882035542,1.273926316358946,-0.8755203933925214,-0.31458788754993416,0.04942732533791591,-0.5390645283376038,-0.5072594426530264,0.8560932912276074,2.445048648948291,-0.4921699061159551,0.2565797088293502,0.9118057216579513,0.04491734597705019,0.4049707259554767,0.9649239081427646,-0.39932874817652125,-0.9422689010088942,1.6446487078208973,-0.8536089751769764,-1.4201648634807953,0.34812154784797433,0.3609340177969319,-1.078852659333896
N_960,2.403148595198893,1.8745701565499429,-0.3832826973260007,0.9175620545084677,0.24831427986413487,-0.5583703902399965,-1.1272881705253726,0.5153784089673445,-0.35031943752160216,-1.1042762311579777,-0.18356522540078626,0.9388463101939338,-2.179462885630402,0.2198229149235427,-1.1128675754228077,0.5261274990463569,-0.5843033945116484,0.736325205812202,0.7163814668688121,-0.272295374522264,-0.8420822389124857,0.31548607687512814,0.08408198085995093,0.7097296155304416,0.4067779338492263,-1.428430593768562,-0.6246294468507887,-1.0570676996234545,0.9998842396195955,1.5535955585469972,1.4605015304212345,1.9330518139448025
N_961,0.649395182064607,2.048842208467711,-0.0829258631650537,-0.46116502020851796,0.5613092049755429,1.5000785793881857,1.5681036168425728,-1.2610543342970781,0.686080223997896,-0.1036318860956866,-0.41601695325605587,-0.771985850211476,1.4855043901002187,0.4451229745520232,0.2653317792651598,0.9321744199836818,-0.7410861364727391,0.7221061350663706,0.08808674623218966,-0.4639457043640553,-0.41411284658904995,-1.1921354828368493,0.8466924094739348,-0.7972920332052194,-0.08822606954444027,-0.5329349492521192,0.25991154410747974,-0.1714660943563688,0.353888282027427,0.969100158644035,-2.0216900118296164,-1.9836743431691084
N_962,-1.479780428140962,0.9893318861281215,2.0349659133696245,0.1245894293033576,-0.1359145344618659,-0.5827601463802831,0.4713229718091428,-0.09528312633248558,0.6385566490491095,0.26064311708489923,1.0406658372426083,0.9450461551352569,0.21818106292150286,1.6934532636672812,1.1466167453824256,2.46053568374275,1.0196058904806424,0.05546946396590768,-0.8718467757120234,0.28840870923846,-0.5345396233006094,-0.23462726702898906,-0.1281138966823488,1.4944456643984003,0.02346006145184444,-0.4368378035873763,1.4477248966413847,-0.8364030620314127,-0.6869027204661502,-1.2327212950234385,-0.7346955627059717,-1.9219056868449047
N_963,0.36073608745199215,0.3695558398487948,-0.4789928368728063,2.0542382617854926,1.3115414169388566,-0.686554685327064,0.6532624456778964,1.0482611040128744,1.2657539452994941,1.7395826792226923,-0.6936464456492619,0.8257497645319022,0.41438944135639894,1.0764320975196526,1.1637042277475707,-0.9306451464750334,1.0388223340731924,-0.39469665054977626,-0.4285425468373233,-1.4372931351152949,1.2047180744610821,-0.4182392748814803,0.8302887603513117,-0.02891712292563761,-0.27645089584179644,-0.7882619053576099,0.16932664068079886,-1.126202220803743,1.1976889460045301,-2.0148036303077093,0.8167825237128976,1.156333732594213
N_964,-1.4909794363343734,0.33413164645491394,-0.6132246752013061,0.3825640657909219,0.23225632226534215,2.2397291721225567,0.6244184573495477,0.9823237894779768,-2.2498926211796104,0.1438799619325563,-0.6234852363163579,0.30691085431818743,0.0736340506890932,0.17301875070610767,0.5465106420977855,-0.023470796897397617,-2.118891662492816,-0.7896739285765717,-0.5394855022626752,0.593493909500869,-0.8045863676813837,0.20279188954752989,-0.39729739181946555,-0.5007794634449843,-0.6047539182828333,-0.981471699101478,0.5165210068288324,-0.5316069211101379,-0.8977154784887891,-0.14853913255854645,-0.060347410497681046,-0.5354073572083765
N_965,-0.2911630441744979,0.9947501832989046,-0.6335398739876956,-0.22710601501584354,0.031441207493973417,-1.1441754453030342,0.4509174627249229,2.203466793285002,0.26770881088217874,-1.6922454559460343,1.0020418168856282,0.2886688785749196,0.8277586301091572,0.780119611512402,-0.7223019284071063,1.078757459022914,-0.3253318475818242,0.22694037867177974,2.599036330240559,-2.2431710372379436,-0.38693442018062413,0.031953072765604065,0.877987641240732,0.6106015659796338,-0.806485681301602,1.0689172946408207,0.46633139377507843,-0.2935073713830186,-1.9468184299903804,0.7721791657323315,0.5151789617746894,1.2009418376643441
N_966,0.5937800345191611,0.931631014899648,0.1482442481084311,-0.8946779585698417,-0.5246128417890763,1.14610205657636,-0.4455220523654973,0.44765689666203584,0.7920233899150907,-0.6691051921615208,-0.3568144070238575,0.5639699804251128,0.2741773977035039,0.5672879294476285,-1.6997880901368168,-0.7462669701958937,-0.5075278424944201,-0.20800353542380567,-0.2551202514930519,-1.1796077679083885,-0.10136607251733509,1.2437632351910186,0.6424359975754668,0.2736081275798389,0.44213833150588816,0.758555751738814,-0.6777598360130115,-0.7210695019995483,-0.14576249314452042,-0.6651981003692183,-0.4336414181513439,1.7055333779107809
N_967,-0.7625967936988549,1.3512872011784671,-0.3618420182522998,1.849834822889423,3.344654561555746,-0.8841424181621731,0.6895926733079225,1.083783258889467,0.41591946710080435,-0.3248539374576713,-0.042180197639725185,-0.27911483914436325,-2.072202532755772,-1.4408712447670518,-0.5249511860536326,1.077814435749928,0.46523360284805265,0.7190995757477516,0.24871237948355665,1.8688135171611304,1.2798401567808588,-0.06975245989081148,1.457774663957218,0.1937934768315868,-0.48525597514093577,-0.6669975567870107,0.19450284532421433,0.4924664222651973,-0.4327436159400251,-0.1503484226692815,-0.05735517721217879,-0.9604678094967639
N_968,0.22834569591152773,0.9151062285083599,1.0181969229510424,0.40860659243864034,-0.7224705100922184,0.45787536095841774,0.6823521386361562,0.24686220121402636,-0.7163930271677231,-0.7968866081645232,-1.0218652845293679,0.2036312352746061,-2.774274835494105,0.3371545745651579,-0.8356656821151679,-1.4178350057705345,-0.20055734058316937,0.5885734200714942,2.1389968856259762,-1.8032120728996126,-1.769781661487953,-0.573651275867803,0.8411984257866517,-0.06323585278444206,1.3909306082335169,0.6211470637519881,0.44269625050396105,-0.26031694937467276,-1.4462162557110934,0.14408425709427797,-1.165626099909154,0.6407093796867848
N_969,-0.8086799329779603,0.9669975746860512,0.35720994076564255,0.6663555968676125,1.1154782246309538,1.0822807744233165,-2.5237765226380504,-0.9155275450378502,0.5023551004960227,-0.3049132153726922,0.21354925182934323,-1.2690681024481747,0.2322096102373641,-0.9790319878434085,2.455424706344951,0.14956669753802856,-0.1894685230252651,0.5549212614185375,0.8832442425341441,0.33085056562022674,-0.05228420126387815,-2.1832873603554583,-1.1949880411885452,-1.3459638886429723,-0.04194610578499222,1.4894461689051368,-0.2896945088586676,0.8580330750441256,0.7889825253890144,1.8968141747927465,-1.2257856569098278,-0.618783066494827
N_970,-2.2561958926418137,0.6690570467805768,-1.1081601323047936,0.22647369478490675,-1.0286982280113455,0.12817000867019188,-1.3781503172718321,-1.1623289319312005,1.1560125099718626,-3.0422540336348884,0.8000146438281552,0.5743125030902648,-0.4317953967718166,-0.9174111901583605,-0.8656427755769658,-0.43001876877238004,0.9241098637843284,-1.1861719948354712,0.46085141414365155,0.555439916324629,0.7910542007028671,0.601111897004672,-0.14623180186050455,0.5646885450884764,2.2400887780107213,-1.0844471885574565,1.531980600808568,-0.2638395819232406,-0.24688192147226443,1.565679521384008,0.2848475266188643,1.0263253277917457
N_971,-0.4986631762006275,-0.40482295523698564,1.3123340170894517,-0.023995268594145337,0.41274528641439806,-0.43729859120678544,2.5048095847130027,0.3899762680558485,1.635617650870856,-0.5400859879327362,-0.34010888415876966,-1.139495847357059,-0.4524434444760206,-1.1803442859887883,-1.0259230655690736,1.175074765730157,0.7742027626440405,-0.789992049452294,1.0191627155266816,-0.9739591139012879,-0.7315108301934509,0.7014679384677499,0.32614147361582096,-0.456324498348269,-0.4395073435510281,2.1519132227841875,-2.3590100294655514,1.598991434279121,1.2098910158190173,0.2129406970335487,-0.4500644819305347,1.5829968532547831
N_972,-0.24418371577876105,-0.7417373756724012,0.2618568375115074,0.45824639418467605,0.5734825508550581,0.4140668253749232,0.13189299774269084,-0.5193355970344583,-1.4207491505032783,0.5316876661820581,-1.2563888224373951,-1.9729712713452758,1.1669715791827713,-2.9242353565919417,0.41337753641054126,-1.5272658450717063,-0.15220821205429283,-1.05215066451499,0.3463892000544924,0.8109794994919314,-0.8125560804756932,-0.7140650842320873,0.6714497726008698,-1.960310264022969,-0.805508266555843,-0.704747041760844,-0.6147638891365831,-0.1261400918556989,0.9273746194480548,-0.07710167864958029,-0.11922772954502824,-2.2410529152007777
N_973,-1.6173871573781247,-0.020475356325335748,0.8578460142626203,-0.7720074697957675,-1.6464859586670173,0.7695107360800645,0.0616255229724636,1.1724823700241842,-0.9563363513729978,0.26739360587143285,0.574465328476269,-0.10177975436925689,-0.6563783227707097,-0.23181249557288036,-0.7482799969883503,0.8362114912505956,0.3716350266760655,-0.4779189247328701,-0.3598027990349813,0.6905956095088922,0.5896743172363106,-1.6850147865949001,-0.20490810986979108,0.36770867109351246,0.42941620721192536,-2.0359236327463255,-0.6590279703843699,0.4184261190571702,0.19642439686900867,0.8578696721056529,-0.8706999357948724,-0.5457180103553582
N_974,-0.25877496884839873,0.7374352035626692,-1.159167996047334,-1.3863504836258524,-0.05158140191517266,-0.7904023662921891,0.14012868989839825,-1.4927005672722113,-1.3076604486441934,0.5084185543209839,0.03112091238093905,-0.7331150156313047,-0.11118344708324292,-0.13260783489151493,0.23884775689187793,-1.0833740937094558,1.0101327872851955,1.4220002728799812,-0.3969264185007181,2.004655329092036,0.48146808724002105,-0.2200908031582739,-1.1829985780976875,0.24041365652117988,-0.6479524590851572,0.12391218176637406,0.15634743381134666,2.641020358409715,0.6944709968565401,0.23684824829863696,-0.5131684788867218,-0.12230220562216616
N_975,-0.5855299895327233,-1.2243638559421517,0.613606959383687,1.550613606659592,-1.2569267684959697,1.9867261581075308,-0.2119994567276172,0.2165143447933315,1.406538198674153,-2.894933497811194,-2.6572956181601426,0.310641113108915,0.7527751172186985,1.8403399693445597,1.2832159591566208,-1.315832003079787,-0.9299800023854102,0.13591189149355007,-0.6922268584219291,0.03907427869530858,1.5912618226271973,-1.7369060440962911,-0.2918601338753374,1.0639052503700706,1.0266807514484344,-1.4367578342778287,-0.9615840111997487,-0.4141557203928691,1.3001324570606372,-1.570936798780069,1.2421325239272427,-0.43672485664603117
N_976,-0.06352201474372209,0.48348185985355074,0.19390586706351415,0.3984400065352272,-0.792096260015534,-0.7331776536875471,0.2765182505594735,1.1105868682534967,-0.906878904461134,-0.2029131628652443,-0.08856497550678202,0.5333671589665978,-0.12227075163943595,-1.4551119809036637,-1.4673483884237508,-0.9960970980861312,0.46005027973068224,-1.8302957761433354,0.06041533162233484,0.7409003792083966,-0.9377374163850163,0.10549030381979965,-2.0128007090226827,-1.0441557752178265,2.7977791812224773,0.3967452954184412,0.08690684186961299,-0.7515077383104357,0.0011583602761187203,0.37116101424242126,0.4130441426209349,-0.9108965816046415
N_977,-0.4610431506273081,0.46228826910197185,0.5950423374286193,-0.7851495544591949,-0.42128892901952264,0.5647711575203254,1.5893940096045966,0.192188877849031,0.16520800887346151,-0.7739167616045755,-0.970196589779864,0.7389557351811922,-1.1464203065953902,1.2830738461070021,0.5886193848435909,-0.5655425898945147,0.891408022866742,2.0083755586906555,-0.006233046685863274,0.8815907641706503,-0.4232690630400066,1.333808829646322,-0.6578631486491756,-0.44847302479825846,-0.48472115075583083,-1.2279254924356184,-0.7835505341079188,0.22206055449864973,0.2170458223986585,0.5668062096208607,1.8220244850909808,1.0536977826563152
N_978,-0.25107968807477954,-2.3365067002562467,1.1046078645414936,-0.6632997939852083,-0.6421755834293829,1.0975321556718198,0.4787501919188591,-0.19383453961090533,-0.0937906799890029,1.6189023518033472,-2.0214534393710917,-0.6446483396735555,0.2071672361516372,-1.3012052726939136,-2.221965131511925,0.8578404369362379,-0.6935566856629111,0.7499920650690893,-0.4101383376464071,0.687706263988459,1.373607406339644,0.3523809522706663,0.17182488218143915,-0.06977332215261778,0.1369173491453986,0.009311654109639064,1.560274869366866,0.31025254564202054,-2.119626370117531,-0.6061896308276906,-1.6736725411335847,0.27207181986201534
N_979,0.954109662208512,-0.6882398062672102,1.294889929969484,-1.1487986572343365,1.4694894064559527,0.4849319415203293,-0.2921357706073203,1.1620800304742003,-0.32345748023874504,-0.3048758095691245,0.234798167207332,0.39071207293403043,0.3894608511761268,-0.1615938938229029,-0.29337207148404926,-0.36649150845805617,0.5350018237694928,1.0493347244110531,-1.6033429848439624,0.45027409126444223,0.9543282358303089,-0.5755872464875922,-1.2807047635278812,1.489354389810118,-0.37080346280004567,-0.687695322313694,0.4288808255462809,-0.38055552269937726,2.030390184404937,-1.2799883075589886,-1.2352383603132657,0.45619074800601234
N_980,0.07176004299297901,1.9509955702927237,-0.3197155766719888,-0.8220248560803569,-1.5118624657280457,-0.20342836294054475,-1.6854731928988205,2.544408303670654,-0.903269689939797,-1.4433930752416113,0.22646050991204206,0.489094100892571,0.8964982722155156,-1.1334714987963033,-1.2847797035651016,-1.1536060006789712,-0.013073029613511053,2.099875013934016,-0.1819746811672411,0.6741265976955299,2.213256561539476,2.0189003559441074,0.13175729026147895,-0.007078534018546103,-0.039145893192038685,-1.100103192733826,0.549486018263379,0.1769964494942744,-0.39224852212583283,1.5515581019198383,-0.38148681323573436,2.5172332569228106
N_981,0.8414954672489865,-0.06353538474780107,-1.5408150303834243,-0.6003649570367924,0.45216040528878143,0.4200766551960234,-1.343450605540711,-1.322879172919927,0.4574839979040486,0.173445438126386,1.5992935434997124,-0.9904451371456032,-0.7727453241235336,-0.2563847487507761,-0.6366315775135325,0.3106836936011962,1.6803830752039117,1.815419015934718,0.6983270174531543,-0.5761475935265103,1.2284120758921446,1.6155512430938048,0.9991704953743088,1.1116031631130985,-1.5379853649152615,0.7860686298392096,-0.2747875698856416,0.5398341977928014,-0.9857749093190451,-0.5840979599183611,-0.6898166193871431,-0.1627419026752323
N_982,-1.056648443937582,0.006559410200613354,0.3796853434843568,-0.5217345984190295,-2.228868899467302,-0.4841865461281605,-2.222965004725984,-0.7360217483580463,0.8928590585302518,-0.9728012788632613,0.8100288341159251,-1.7715027952474145,-1.4484958514746165,-0.13395367546271122,0.1606764834456501,0.35230727448547605,-1.1901026278817335,0.318853517335452,-1.0642498419853272,-0.8663374969491627,0.8356685713502903,0.038175461171622946,2.590710064424218,-2.287545783544882,1.4011563174818262,-0.47705187549727074,-0.21883440446514707,0.9348943780411914,-1.2738624996664687,-0.9747850379805844,-2.3522187179494938,-0.4309226335516431
N_983,-0.06042428156588757,-0.655685070061249,0.024170165413698604,-0.0018398542085587776,-0.801815252774598,-0.37516663422928853,0.3908221426326262,-0.6820560902542981,1.4530657718319833,0.8529484301376685,-0.28463531156443334,1.0214838769047567,-1.2204348502505027,-0.5931729748062962,0.6988557324762936,-1.532893252160498,0.02582891840639729,1.606700714216933,0.8710095871281888,0.10987201207286625,0.5517773347067295,-1.2947500707707154,-0.2028508596019892,-0.5357100358833706,0.29123434303654866,0.07509571545512618,0.19362564430147758,-0.22751986195214927,-0.5601817122717275,-0.600633835422861,0.8595424301615415,0.42922390190502846
N_984,-1.3784639382609223,-0.9656230320131878,-0.0825316915205036,1.0581292582923554,-1.1710180600441622,-1.4165146325141216,0.5224597440300572,-1.5589687738825446,-2.293220553097764,0.5790297688696981,1.3160748348634967,-0.5237489765805943,-1.288260973137797,0.6541787440893605,2.9322190876252154,-0.27535710088320087,-0.46717682472558486,-0.11489705919966932,-0.1937077921843928,1.0257182260714761,-0.02744500002063525,-2.3162456448891047,-0.32359561809187987,-0.20111721759287782,-0.35726848764147184,1.1670211035484006,-0.44042394856414974,-0.29081378730453716,-0.5793550429514325,-0.864015670820913,-0.1495931228750865,1.0839547853285636
N_985,0.3302622767597213,-0.5147379267076898,0.8012901022696793,-0.8312263263880965,-0.8773950679459153,1.5658889324799978,-2.0320462362375373,-0.44426131676771724,-0.683200104681207,0.6582248065722506,1.4732601388722373,0.8522820267356493,0.555159913782245,2.0299470148618104,-0.6514789140048641,0.8861395769762684,-1.0178779362853918,1.315510509146753,0.25934657105119047,1.686411469615818,0.5125309823798931,0.8684199875298494,1.4411749278449155,-0.17849967997454289,1.6792347963379766,0.03039438027151676,-1.7946113696449808,-2.5526010072632586,-0.5829155590592247,-0.566192442488095,-0.6832124290878583,-0.5386555060854112
N_986,0.5804207770079156,0.15573306202735873,0.2518897254820526,1.1986253256675559,1.1812243896556531,-1.4029470335218488,-0.4947994467069353,-0.09851054917540183,0.5760837681138206,0.07434606256352194,-1.546941138359057,-2.140300457941968,-0.18147127640212174,1.3584719177628233,1.5002745570668337,-1.3385448856034996,-0.6798536420140614,-0.021682533038363802,1.6735048124824237,0.0508640679072494,0.3592897139816197,-1.6163156840760369,0.5561190968217375,0.6426475024829816,-1.2062401406193175,-0.3661738154021313,0.36073224252412944,0.26722349761438857,0.645520834387706,1.395208000683901,-1.9088276144156506,-0.13784241089167534
N_987,0.12431400852080646,-0.8258436445260334,0.30539348202813527,-1.5819826194509166,1.7078394698683885,-1.8414495206096362,-0.1895951540040282,0.653780419737781,1.4073053673619162,-0.20030335152222192,0.6445624122399646,-0.23209074343642855,-1.2404788886917324,-0.01143087732824509,0.5707526355391409,-1.0108313457551035,1.9738049648411105,0.0625657135258625,1.0801741088695171,-0.08476143586374084,1.4070345238900288,-1.6197245364470048,2.332529788934475,0.8870238798327931,-0.7555348501986183,-2.345880651067926,-0.03699987457805638,0.7136547323083524,0.6860062203524298,0.26650045836647956,0.8693746544913711,-0.04786252318912114
N_988,-0.3810813696352453,-0.8226107018774248,-1.241145795328046,1.6991429761174313,-2.0214852182037553,-0.9446925672681963,1.824582991636087,-0.2711817427700856,-0.685436909364463,1.3013722835219323,0.2966016289077593,-1.1212642127307493,1.0493873126331164,-0.5660357071192647,1.5867205428927817,0.8456027114206061,1.0127560203490966,-1.1953056371809871,-1.05548314329399,0.37166029403472417,-1.3430996784240852,2.1097861058387943,0.7031909517598034,0.6797609907769535,-0.19738012156411808,-0.27179970221144173,-1.4156023769084687,0.5789180817329637,0.360695210876612,1.3446656624984266,0.8179958353135939,-0.6639240960586071
N_989,-0.18535848342447916,0.5968375486198295,2.154572741133908,-0.28449130985790577,0.6034813023508057,-0.03472725752333958,-0.26602622059626846,-0.8802039697860761,0.10561707453506354,1.2040004063865481,0.9707006365365988,-0.15626535380055484,-0.7298404633534015,0.8556457622202966,0.14900154896848244,-0.06577324210834028,2.1902555428700876,-0.8060795851233561,0.11625026663841545,1.4223394153538012,-1.142765674761033,-0.7320775977235688,0.6044447567534301,0.74448409848687,-1.38229710315367,-0.37010461773423387,-1.0538503518972033,0.46388535592989966,0.22045697345416593,0.9974045878228067,-1.4948665711049791,0.24223415790537647
N_990,-0.46436891639707284,1.4662792470070254,0.0930404766955259,0.6456319796440324,-0.45233396275583027,0.124250697376325,-0.3464970171238173,-0.12987459371826446,1.8734496117448725,-0.7234960270003199,-0.03330943071679877,-0.9705404643472645,0.4438577688083026,1.2998701167192501,1.1202153984741923,1.5786288515285376,0.8621146482623221,-1.9876971306992333,-0.3801476705822833,-0.3259822426981177,1.4449659828326873,-0.33839872374880314,0.7326772875029499,0.11263600152590472,1.340822685605884,-0.8207512149269538,-1.5947859407387532,-1.2762340146333353,-0.1665541862042158,1.4773266422895728,1.2984822501919153,0.9585246931978297
N_991,-0.916982503312801,0.017831030958240103,-2.739556510301926,-1.5683131848889782,-0.0019395285581257616,-0.6287704324840229,-2.621850412206946,-0.3313304388080915,-0.38705655296933345,0.3347523452047619,-1.3475499958512354,-0.13822785083333403,1.1814467281749523,-0.5852281403729298,-0.024932811607262666,1.5241438772816045,0.6883936857823012,0.6253258934486572,1.3879370981383468,-0.9643628370502279,2.13751784004207,0.9988545894010903,-1.936919670336381,-0.187811266297932,-1.032834931965996,1.2653189344715172,1.470742124761533,0.26303465083586325,-1.702901780879459,1.165399515906691,0.08566718037333278,-1.0992207676102492
N_992,-1.2375756056118643,0.6079766817623489,-0.8927423170771893,-0.22768285974591354,0.1101958320174941,-1.0389385051782718,1.3008877477323733,0.28430977585894746,-0.46280104104601083,1.035110580860591,-1.243823545294337,0.7410200097224856,0.40037781001049877,-0.0013238257837737068,-1.1915719402800475,1.4209153144803504,0.8161345082350568,0.20006613888956729,0.05054238579510165,-1.955308769670223,-3.040619525765368,0.7568914728774996,-0.8124696553776988,-0.7006366046333606,1.5881399494022008,-1.151205907854434,-0.6643466532108805,0.42514961907082177,-1.0561780714281446,1.3194912409456223,0.9718402116287076,0.9261578631326766
N_993,1.369952546848037,0.08696907946669562,-0.22487212237542675,1.182224654542317,-0.30939330950548216,-0.275509560703016,2.0379076404977425,-2.580245461635039,-2.1736984296783053,0.4757476851700544,-1.0451385123148405,-1.4901966883823858,1.4727457789502956,1.7421294935939697,0.15544511781991993,-0.9085051688900512,-0.9499571532813269,-0.4267010836598944,0.2260416101631837,2.4909847989568337,0.9451271236574738,0.1700096589569689,0.13457445392163286,1.4334241371491399,0.8155387582083737,-1.0377404805240782,-1.1869976782360008,-2.4596351835935715,-0.8844372133530012,0.926841241167821,0.4942263977156436,1.3466600867177854
N_994,-0.14477432392607084,0.8379577792639402,-0.44600099992546194,0.5610609872639623,0.9589223754784095,-0.6018272533677114,1.986938041804034,1.017315467668714,-0.03248691509054485,0.8823310179932379,-1.1662624167011224,0.29272909589226154,0.3158353601350175,-1.325981652610786,-1.603216345750953,-1.5566012490991552,0.714436948292186,-1.144135251766829,-1.3107084556188235,-0.8267448841865411,-1.7243333528020843,-1.437870898237136,0.0001234950440089232,-0.644275614133293,0.8653022638603164,1.7578920968259155,-0.06470820483647785,-1.4050914132308092,-1.4279379119161482,-0.3831755908226956,0.22807026977110867,-0.17904095256928063
N_995,-0.29475985510623387,0.7731341963827216,1.5338273874470565,1.780741356574448,0.7347782610343602,1.520173848262736,-0.7631613759695981,1.1450943796865722,2.0372035185527273,1.131383514526555,0.42955552598871266,-0.42422474005422645,-0.0011482052904132915,1.0395545578177876,-0.6185007914315757,0.39881061531717177,-0.24266355888442556,-0.630528147494288,-0.4187903676189931,-0.0728511644459217,0.5230282013017644,0.5726347576754676,-0.6260033998167017,-1.2906090439723652,0.17479433994090354,0.05182689176247586,-0.3940582088020091,1.3111353915311423,-0.7375834345907228,-2.172501347084869,-0.5549720386960502,0.7776318475807663
N_996,-1.0596079611189781,-0.46328789412080124,-1.3763725296733853,-0.7602408300858992,-1.2200132526579583,0.7597045726388527,-0.6695030895176215,0.5923879018949624,0.1916139495987146,-0.53107006312261,-1.5193948115489662,-1.1877106089435334,0.795838936224124,-0.4756149808774148,1.7647071548058968,-1.260955316829366,-0.09178921303922355,-0.27434677359718357,-0.6549057631538989,0.15927107198939072,0.4413966667109698,0.4048966779544818,0.4343852071032624,-1.2315629343146635,-0.12032685426055773,0.071019918287453,0.5226494495321855,0.04177969993522855,3.095677036627504,-1.943021165230945,1.6098879384074731,-1.218964722982485
N_997,0.18752355784955596,-0.406753520672042,-0.44033867427033235,1.3455751507615907,0.597867176732925,0.010855140738133606,-0.757959806252198,1.0501914667927836,-0.5601552391449722,0.7616001814844385,0.36894566262492573,-0.7034098699043526,0.4357027183800321,0.34095345241544994,-0.18348689187584874,-0.03649318255677911,-0.5380211837461393,-0.5886308080669168,-0.32709146812580636,-0.008302848170972314,1.1654572820012015,1.1991084795939202,-1.5082823416918614,-0.573587364488535,0.29177238505169245,-1.2817505766074364,1.235022756627394,0.8743204543173682,-0.5452554111304225,-0.9933126706149695,1.3866515639338735,0.4638345791039768
N_998,-0.1875534185623327,-0.5414627517691332,-1.1527384390873545,-0.19669979157091222,-0.7365499645494246,0.9430978569731571,1.3137775878930948,-0.5305125669327878,-1.495379958948185,-0.8410153853783248,-1.3745622525750565,0.91443454454001,1.0267292535581778,-0.7902731932171896,-0.9101218399444468,2.0075719792065616,0.32423576232532186,-1.206676141657506,-0.27605385852631037,0.48586669167867,0.2310863870340934,0.30156534753752917,3.507280524452724,1.0574952890392608,0.22742193861576132,0.21473322055107433,1.5468958596307611,0.320675631551846,0.7768709241098414,-0.7943251635405277,-0.3933303485477797,-0.22247241390732672
N_999,0.11933605095114523,1.762924995270313,-0.08848420458128978,0.7113473335115118,-0.5457915361839063,-1.2899719183342757,-0.15585057780425954,1.0645554017371592,-0.8057824683685882,0.9878027710598724,-0.5976233043474157,0.3463791236640013,0.7701446522326162,-0.04381980829626331,-1.73938516253879,-1.6618313129858424,0.24342772909440788,0.737373100454584,-0.15951079806817373,-0.3904845630371537,0.5544596976251019,0.3001927514550168,-0.17995190118075471,-2.6585709269025375,-1.1054431433779943,-0.9375566398461501,0.8726408968117855,-0.5106725802858798,-0.9637157849159254,0.7066829916618005,2.331029195149348,0.7518981693264033
N_1000,-0.49838045803178993,-0.35754323861626297,1.248910696933579,-0.4481629079862022,-0.6985977515762015,1.6574820261231156,0.3059231880778372,-1.7324178757665583,1.018458076219287,-0.20610902557566466,-0.9768383311844924,1.0854626436345423,0.6093686505469992,-0.9800957981704324,-0.6687335353191654,0.2136871253607746,-1.4608107988054824,0.694920753916742,1.3587357662289092,-0.7550091940646789,-0.6146634590586403,1.4249223078514317,2.165440473874326,-0.4676731144437856,-1.721669183228506,-0.3087908967276967,0.20000271367563738,0.7530925218615432,0.453856803844,-0.102402586727266,-0.6862106640370645,-2.338612152783773
N_1001,0.575103772177161,-0.9145944953051311,0.41655995055577943,-0.3004909538460561,-0.8711814656527974,-1.424516817910946,1.0812704305742296,-0.2137907148047923,-1.4135570890548559,0.09803111216443577,-1.3594690173784434,-1.268894064714192,0.6542337447642959,-1.5301951867000914,0.7999303449935884,1.1954151343057504,0.4266521232504839,1.341854438517391,-1.9749698473404944,-1.5819107781372457,-0.04653738958187665,0.24092722804393102,1.6556707765580483,-1.3391946776617056,-0.05728279318038417,0.054549805706244035,-0.9910867099203431,1.455327079529464,0.449618407390416,1.0570611088833506,-0.26542802698324786,0.4487753874214023
N_1002,-0.72343820377743,-1.6999593707447944,-2.072005529918216,-1.2466014262455947,-0.7138037645562294,0.3262364471865484,-2.1652301713305397,-0.09053087082170974,-0.6612024297864421,1.1020796855734654,1.0130685159136594,-0.06483118212777657,-1.4337901200784835,0.9077981972545502,-0.8331369098249081,-0.807375297898768,-0.16711338467404407,0.6163533252861761,1.2225406070261449,0.2848854123468079,0.3430501707771636,1.2523045896024767,0.2693319659775357,0.7746124596871496,0.1754390887084954,1.59740419039472,1.1945043538818654,0.371470568694036,-2.115938537050949,-1.0740409729977505,0.6697545895831962,0.5673968552351385
N_1003,2.012017115096351,-0.16224818569898683,-1.2411032251007679,0.5367807818402524,1.4285823843037977,-0.7398183597470174,0.749401037731657,1.5488574169155775,0.22875549286581323,0.12916849685300458,-0.5025733951932786,-2.293716753465898,1.6098280134048497,-0.31317941368391766,0.14865901323525707,1.6593347727414909,-0.19407353770806893,1.2266795956241034,1.9726253851709212,0.7526785472122367,0.4626706766369428,-0.15832277103193837,-0.2831933998052388,0.1639915865782115,-0.5903033528077238,0.05877717599021349,-0.28129820903478336,-0.2829837119847843,0.6963294189001946,-0.5913259158299734,0.8818626594716078,-0.6730164119134693
N_1004,0.3469654168197773,1.3113150533087916,-0.7648278284711486,-0.3630717425942004,-1.830375154881662,-2.376461923386653,-2.259065785537895,0.17883385190602705,0.20899730844836006,0.1194421976906147,-0.21509990463779277,-0.7519341675957989,-2.8994427254101596,0.0340081658783648,0.12362740925773982,-0.2965158948337449,0.15139035981652904,0.1750296462406513,0.2850332394551056,1.7307529463054045,0.16446439997108991,0.6030202951937843,0.260202231215108,1.7146791001074306,-0.8041441811573579,-0.2084276566726001,-1.3452477723388787,-1.3677473119655883,-0.237437124703513,-0.11240421688529953,0.5578979818823412,-0.7709298976565743
N_1005,1.1414062486492311,-0.9609016247928223,0.9162334784911041,0.0026213475806149645,0.8013983237018015,-1.6288029452036195,0.14295420136189596,-0.848839414191738,1.3540197580383162,-0.6984427029257142,-1.2957223205161268,0.9620832074735632,-1.676609310940753,0.3155454623178186,1.6933497268760882,0.5652763982621871,0.20833989214642692,-1.8059195973877256,-0.024787330996729473,0.34654750865328376,-1.330026459334795,-0.6023707005605468,0.04357552119012401,1.9825215233525573,-0.26245165010257954,1.1795951562968732,1.224294552163563,-1.1303076706234305,0.47991485802273537,-0.03360450072030172,-0.7915666168077444,0.14372369087553571
N_1006,-0.5275642914137868,-0.6118376743277256,0.04125932548666194,2.6728869730367997,-0.6836032159929614,0.1779477821053456,2.0869149736354977,0.02408213117644465,-0.5911780666455856,-0.8110763162113994,0.13343781249072437,0.37477044332614773,0.19196361825241823,1.4812938259183461,-0.2609986712241689,0.7399778198751176,1.0661121058446297,-0.8742159129454838,1.6636149411754175,0.4263890132565041,-0.5933291463992947,-1.5827280929330798,0.270368565167688,0.32161323877503517,-0.5151671419229835,1.1023956605588658,-0.5077378288339048,-1.2277590155456721,0.3105754688414053,1.0972424325907268,0.9680428613044387,-2.9287733042661555
N_1007,0.8937528882507081,-1.2347267600231355,-0.37679847843161496,-1.1281997072415566,0.07285374332885163,-0.5537318975883216,-1.1019634521487631,0.06782453195022185,0.36071573965207554,1.0989741059537883,-0.046085234724097354,-0.12489736444429123,1.2044718162869692,1.0905781631498939,2.6258443028723057,-0.576527412046056,1.787764107784803,2.0515439911968443,0.20537327840863445,0.622086441543928,0.5116640454820066,1.1685118624471154,1.1901881313707858,-0.6579912499706988,-0.062129714578106496,-1.0110155704037491,-1.4856915193262084,-0.5647842883452979,0.6045302491665046,-0.11454458592859262,0.9210303830011712,-1.1865766319390212
N_1008,2.1392357620550526,-1.5227429588255081,-0.7403316918561361,0.1096743455876713,-0.20438903175676718,-0.9702828724521362,-2.3016750594089403,1.3964741706592219,0.574504841630403,-0.5752105593218275,-2.8886163097375457,-0.37596086970373854,1.099709223371727,0.5390041515398506,1.0819598554414338,1.0062969134978819,-0.6877753765581598,0.42976134958597606,1.882831536485355,0.16806391770305773,0.9012803030633113,0.098496303450222,-0.1492708709107176,0.07188822530504702,-0.21510096749111984,1.0646682246395311,-0.8265393049484895,-0.14302081659513632,-0.24301307856775126,0.81668801894222,1.1927743442693501,-0.7674013702660527
N_1009,2.0444722215978026,0.2099937610640011,-1.0682825549258317,-0.012334119571556107,0.08502302534059414,1.8341160769211626,-0.7730570449295763,-0.1473184162725929,1.2407367023498825,1.0750864556546293,-1.2263573253243747,1.97316989506667,0.5896616073479432,-0.5910500459079876,0.5966470432705693,-1.3552108091218318,0.558774279462285,0.17264506775451666,-0.1940008425746264,0.31847141560081466,0.833989881216999,-0.4920237670244202,-0.6851107769762633,1.4915685755300812,1.457630627690762,0.15739606542303555,-0.08529053273762499,2.6029586928305686,-0.09854609657484066,0.20864857759691866,1.9443002307852482,-1.0843823348756323
N_1010,-0.5448883004501008,1.694593476885201,1.082613486988186,0.2423331011209597,-0.26246865043988443,-0.3219823719816822,-1.7373015918219568,-0.09586556888064131,1.7835410506147282,0.9667271810595053,0.5922010022493693,0.609523695164498,-0.29927537095245393,-0.05130775992249081,1.805107884393207,0.010956643990138296,-0.7248307689984641,0.4353863023819664,-1.058408516096382,-0.4935642449504096,0.7332908518459745,-1.3268752798352943,-1.171807539117308,0.8619325206690472,-1.5227962029507498,-0.25609276784731466,-1.600048524784263,0.7073356865212864,0.01858781226158123,-0.5620874691025884,-0.4763343073380048,1.2162557155062255
N_1011,2.6315122135024036,1.2058969230874483,0.44452672168470575,-2.834789349308783,-0.42584421821183693,0.30641664176429023,-0.33554097514969744,-0.7109291354752882,-0.7522501612375633,0.7810278297330246,1.4779853665401432,0.48826260917405717,0.5865279772547578,0.06078387149781075,0.04469227570186719,0.08448184914646754,-0.08449677995636674,-0.005821358620332852,1.2361583852226248,0.6767330059937654,1.1463106958962526,0.8746167135741765,2.434368953741846,1.5620840600787333,0.19801955484490394,2.1235645817277287,1.4507718402519882,-1.093345253053821,1.437390214464082,-0.40137391301590397,0.685960770790271,0.5578781927257092
N_1012,1.966007010851602,0.089544003345374,0.3042984534727821,-0.2875297230375915,0.35943670688569973,-0.9937970689070039,-1.296291768106429,-1.6275819839252257,0.5904238812579486,-0.9444282586263754,1.8789935112498855,-0.2891019366136053,-0.7881142659162621,-2.048304246635617,0.06982881454898195,1.323395568096151,0.15162363768521814,0.1532834363499081,-0.6342973477259569,-0.8152521448514822,-0.7457295943267586,-0.4158106967001992,0.3862757911779745,0.4070535334548496,-0.5245184378687764,-0.5893800444118992,-0.4217906658145404,-0.8756321804264239,-0.19816558681840785,1.0444932424767241,-0.5963515518683605,-0.059120361169723884
N_1013,1.040563248756444,0.8805338402330138,-0.3194326170420478,-0.3971225446758061,-0.6522518711072881,0.09198380351024188,-0.12458573897031411,-0.11823436792775627,-0.4968868778340035,0.48710456085197457,-1.499880686639325,-1.7994006848700612,1.967272582171013,-1.1437424854016036,0.1380058602646313,-1.981022410023703,1.0577060928687418,-0.7779837048881358,0.16620797386352676,-0.54084759423707,0.32934729201143953,-0.8039725737205572,-0.49540162536522514,-0.32047689734601853,0.9919198471350286,2.2460340494962905,-0.6097592823830079,0.2981515873726651,2.4885277856129973,0.5838446240769094,-1.0635859548888074,-1.015594210396375
N_1014,-0.30949387856231403,-2.5496992470309707,1.216176232409113,-2.1065026990326,1.2610474311386721,1.0071926870839494,-1.9391027693438463,1.7647141332166978,-0.6088933444094806,1.2914421520133958,0.5778652933772425,0.6850382193559689,1.510264586902676,-0.3833122863572556,0.3774406623446487,-1.7465885805165078,-1.2563861288029128,1.1586478835228136,0.7435514343760582,0.47666649405548484,-0.6948184813116564,-1.33812672002278,-0.367715322568428,-0.5197077698294083,0.598117369696484,-1.7722568875933011,-0.43170369343100323,-0.034302856985585335,0.46590540417862253,-0.08182878043229708,-0.5121362581861051,0.053719720137921374
N_1015,-0.9906723480724392,1.9304615627758583,0.0486922966553876,0.5584558722680738,0.8748009172248361,0.040399295969489595,0.13283801334565962,-0.8178984697141958,-0.4375270081460883,0.8237354068766515,0.12280538767968337,1.3634133020135104,-0.046395032347127114,-0.8373456342072547,0.9618314349298459,0.5846764085227507,-1.9565412281570487,-1.1886739731285918,2.094149318357406,0.8642477549259836,-1.1797639491317848,-1.153605888125795,2.0816902286572496,0.4962153669913308,-0.9534500935306304,-0.044004751666321326,-0.44901798985093844,0.8596810710388985,-0.5492007405591163,0.10619808664603499,-1.9285931347981673,0.47990346344257356
N_1016,-1.2538961080091378,1.583831518209337,-0.4236612503936904,-0.07598735078724977,-0.9863158075640652,-0.6672756875661732,-0.3116931135629391,-0.04854892235369708,0.1379296377205254,0.9661876304767423,1.046730353148207,0.9943001486710532,0.6065958814547395,-1.6380516697308791,1.2098557501609684,-0.27682507369501513,0.884646329464925,0.3692331672663376,1.628065204219934,-1.6014332469480235,-1.0518021580133763,-0.38402500921921917,-0.12871544306277605,1.2674685851238545,1.4386991329796455,-0.5061157500641076,0.10551233948631034,0.7897198515725692,-1.145632452521587,-0.4601608790409026,1.3990921827199587,-1.5485462896420976
N_1017,0.49784963659020076,0.913821562983968,-0.27682543175109087,-2.377727875083908,0.922315193972644,-0.46630116855993925,-0.34515360018541896,-0.8541078876688765,-0.5211260426658616,-1.1962304518216769,1.379630962567606,1.4994924681260609,0.4148149115561796,-1.1551911697944972,1.10838225561871,-0.1005361071753313,0.46180589358541796,-1.1246834195258006,0.07959107069059085,-1.0696548034543125,1.0019184732846231,-0.5366913227685723,-1.6249220022961501,-0.6365990775210312,-0.914273545287651,0.46705785965476426,0.6982293233260314,0.8539201854547138,-0.9655057098872081,0.3038512783450177,-0.4498724765496637,-0.8616788473379877
N_1018,-0.29467264867288445,0.08738491798240326,-1.1407282038468989,1.7744137254417984,0.5924354185655399,0.8355973947987081,1.1844748045942963,0.15207417964147166,2.0853089428591423,-1.6024351872479843,-1.1633599514023545,-1.3973515518549944,1.2832194723425907,0.8283795509720957,-0.45517986687299483,-0.7434367860623029,0.0014851998197067367,0.9927806640015722,-0.5272893888374492,-0.583384441103217,-0.00915466379020875,0.3121403019368703,-0.3766570725394479,0.5576815286122135,0.9408435219338268,-1.4947474281693767,-0.14905660851380112,-0.4838527284253986,-0.31234738843651877,-0.977139847025654,-0.24228776143680353,-0.3470757872659982
N_1019,-1.7641481638036252,-0.5835921727286513,0.6989863874371018,0.04353171008920197,-0.6181956182700998,-1.0847476673002434,0.037678970374277025,0.5683691685476032,1.5867077113982555,0.31927409185870187,-0.6882132337349688,0.9363939455711324,-0.5115971145488241,-1.4017487914327844,1.5787332361311053,0.15511827510247184,-0.7565610963328763,-0.9147024944509708,1.7720810703571985,-1.4108782089936913,-0.41965455549671093,-0.27479242844176394,0.8638572961878437,0.07823010513695654,-0.3556468042623824,0.8316040115062658,-0.7999345011668946,0.9308930584337067,0.22448436786374623,1.4485832901778906,-3.163695837378315,-0.5964502548349955
N_1020,1.1922362644507882,-0.4586423188777916,-0.25415326707982544,0.8196540192919516,-0.5034816838444814,0.4397377726148424,-0.3088881314190641,-0.17362413637452678,1.3257882066982292,-0.30769221068323366,1.451893402600286,1.8266915617534256,0.29059396004425453,1.3456205357315925,0.4870012769461657,-0.22578816394365256,1.531807791795125,0.5792183189673894,1.2109149917192708,0.2967554689893901,-0.5707124127574247,-0.3058567966740078,0.15820135807486796,0.015270295081671515,0.5906691522375731,-1.3871373063526593,0.13717082519263116,-0.07518895597528301,0.570676158008388,0.497118965726684,0.7354971833537507,0.9825711815541873
N_1021,-0.8550515095697581,0.7783323163459489,-0.10189656438062025,0.38090773387881166,2.633237114925542,0.31435635795153904,0.5463449218595297,-1.2522421309504816,-0.9468449234661469,0.8158704956658857,0.7018282958434591,-0.38907636118742334,0.0020196482475415,1.276317477932236,-2.083492655375531,-0.20662364948312165,-1.089430358186073,2.442501316859338,0.5426032263498638,0.5780178533749322,0.011151257948435215,-0.8623205157299841,1.91171554302794,-0.26258226698379394,-0.3663026162212092,-0.8065406722306652,0.7224714788750433,-0.2829187122670833,1.0878941735667904,1.3502214734611417,1.3963027363657121,0.8186304036284577
N_1022,-0.30646936666995556,-1.3164697735251465,-0.3046890904861508,-0.17387751946814375,-0.9037275084873454,-0.1767836143164711,-2.140905170557751,-0.2778104598124364,-0.4184732926037023,0.7918018004838384,-1.446076969759865,-0.3297889646134804,1.5372073505076955,0.6955389027692921,0.355564026752179,-0.7513722799955277,0.41810932076502794,-0.6121886421847201,-1.0296868208954009,0.4833509321525291,-0.49084749244728004,0.734508578211186,-0.417741851070291,-0.545173730129222,1.2186386864587606,-0.9149394988270074,0.964679644579313,1.7359523308133957,0.7581466606612528,-0.7156948776705827,0.8476710379752432,1.882252032374446
N_1023,-0.9570810084070772,0.2783486162349193,-0.14389188656568924,-0.1486739293951038,-1.7081750098033313,-1.8823944952788427,0.09174543295827683,-0.23481653991016113,0.06293564165815314,-0.290083460909804,-1.1378744172318809,1.1288794293462645,0.1398522264155097,-0.5501573822701975,1.1798982982004547,-1.2013357657339878,1.6792240110707954,-0.05630204576776068,0.488948358790661,-1.0310483229619993,0.3200566089958913,0.07093959064269131,-0.6110750492846073,-1.5680433412851533,-1.7248916927721747,1.5301923074624806,-0.5594900054516088,-0.537586095682638,-0.7480441952026566,-0.6982322191619252,-0.06929179734716379,0.16214917646703036
N_1024,0.3001486462402385,1.8266801174051797,0.17837435646564906,0.46981706080766444,-0.42003817575822205,-0.033046259206909526,0.308954446574041,-0.9630801027140087,0.23695958567501224,1.5380082680165024,-0.3130150340618585,-1.4013124023951933,2.576047390521685,0.8203225389440959,0.14101803927014933,-1.5951189740526486,2.3215570067407807,-1.0418284041201715,-0.7728909648866181,-1.9077156229976668,1.75005199489405,0.048872373167919675,0.23633523879156004,-0.7585735458116611,-0.39302957072217587,-0.0588650485768514,-1.2924831331254631,0.15545637295985035,0.3789969856042112,1.134786048371139,0.05477754544890877,0.7721818157858066
N_1025,-1.2007595233695816,0.7367528165109937,0.621311505290655,1.9891542995268938,-2.028103535827062,-1.1225792297277593,1.3644134746232812,0.7664531404695112,-0.4564122833843142,0.23667769465108623,0.8629789079942354,0.9177682877030556,0.8898286484748136,-0.011732932249427818,2.374498315560517,0.43548090647221105,-0.11107483023919967,-2.4160254146537685,1.3349242787021232,-1.154424961752288,-0.6813353521484636,0.4397239255486294,0.6668009853087512,-0.6825667359015084,0.8165698543510258,1.5115372071912099,1.0416533976845894,0.4462448360984022,-0.5759895870429681,0.09584196202728099,-0.9796713228793801,-0.46221456426660523
N_1026,0.258710380247409,0.7851472204588356,-1.1026721217031497,1.546205991143686,-0.3762480519191237,1.2967981598411298,-0.14655286767514494,0.28178679346473273,1.0444788064361819,1.0094461542704356,-1.2253378946216842,0.36671690754848857,-0.5368350980418243,-0.34473119970953187,0.20576641329666023,-0.3191717068257359,0.8042093039578107,-1.3402892577088699,0.24737107353629983,0.3940974398418709,0.013927983908912006,-0.8811127737496863,1.6151370968299963,0.5237985767614368,-1.2613409605732255,-0.6294475590727636,-1.3312457025899918,-0.7515982452587936,0.7657988522148363,1.249365991518473,-1.6884003962254608,0.9649552554685945
N_1027,0.5965171251377337,-0.47554638327104,1.7960768178278417,0.595889381202668,1.9536783133253015,0.9033847042394464,0.5496798487736789,-0.721951489911528,-1.3473080482411097,0.5481645197818947,0.21248557113355065,0.6352906789799403,1.0533864627512546,-0.7095595982882367,1.4085197204965294,-1.2598622717250958,2.1167355346626087,-0.07479371676539737,0.9985594354660078,-0.6401601508527636,-2.0195705824438583,-0.0556304509148055,1.9189114245277303,-1.590012268575081,-2.86685167122929,-0.39324746303668545,0.3971553141933086,-1.952482764552723,0.08020609189742306,1.3464379767089034,0.8893421208092747,-0.37182590998115306
N_1028,-1.025741241912184,0.31668971618974523,-0.1050741679617958,-0.7358292592473702,0.5034146882756972,0.010848598974464572,0.13681869571980304,-0.09810569531377723,-0.05631823367067641,1.0985686925700056,0.129097057510255,-1.6303011134756449,-0.9275390504243038,0.04440746182938238,-1.7322333148263342,-0.545767367808809,0.6464041540584192,-0.668230838972418,-0.0713508418034542,0.9388495580643824,1.6155420358418917,0.31570767732953037,-1.2096617516544148,-0.06298753076859748,0.42252124354661563,0.6646250106407059,0.02592940654707387,0.1879340833421154,0.2566848853162613,-1.4932011103167564,1.0796373920325963,-0.416228885220288
N_1029,0.2224500463636295,-0.2804634329867669,-0.7587108095728013,0.7881485899680011,-1.4076328133829015,-0.698615276038914,-2.245322476469681,-0.5225220134210266,0.600238149489001,-0.1785526537003963,3.07700671252865,0.44418013306693177,1.8895354552014607,1.6276866551680642,0.13167545939533903,0.42762241252093736,-0.22397487998129229,-1.3147382530122909,1.0074535288762252,-0.18169651563069456,0.189923486935135,-0.6081716199198339,0.1502443824997721,-0.1822362988761366,0.04846780785130155,0.1650788114892307,-1.342811988695216,0.7021893628533245,-0.5960993876515038,-1.2825540853917514,1.141020192773114,-1.1017575381074967
N_1030,1.0531376399844805,-0.19768060267177448,-0.41193969422299676,1.348756006054819,-0.2163642592098409,-0.28573182751424003,-0.8310483911036854,0.9270285255291177,-0.02346350622091246,0.5745793595398522,0.6689725878871524,0.9761829116871696,2.1086775469756067,-1.2201799381560863,1.6709124932813177,-1.5809035747216094,1.5426887092582648,-1.4649144032748291,0.6039622078491099,-1.142848783949695,0.6188922669869011,0.774568135461854,0.3422799814553079,-0.2696571344262766,0.033649973437459305,-1.09890302029364,0.36063708541527834,-0.5598127300261092,-0.7056980104407473,-2.4166725141309806,0.7261879159473937,0.7717742257858177
N_1031,-1.782314675537277,0.008681762408274757,1.1721873177069315,-0.5054119405678461,-1.053164702404301,0.17684711023838784,-0.6634327240627781,-0.7861968799828822,1.0121091904220865,-1.3637053325198425,0.7958919263370715,-0.7696548612637567,-1.1608641119748482,2.121408563995983,-0.6514891048715755,-2.3150803070887136,-0.4352759346041743,-1.4586892169752224,-0.2603383020624944,0.725868477117549,-1.1443075071419933,0.4391910930949104,0.3059337915270642,1.189904612743103,-0.5315821555695878,-0.17283033784850058,-0.005780021429489352,-0.3358587062683962,-3.029783497199932,0.3417673261252023,0.6146204629620835,-0.4818589416332275
N_1032,-2.0289673116124223,-0.22072945047293474,-2.6064017157597426,-0.5280208320821407,-0.38376181756112737,0.8392151571274176,-0.5273925570408503,-0.06276977967223286,1.964243882924863,-0.635279658679581,0.7324717618701732,-0.5434567317164557,-1.57446307753434,0.7312962331126835,-1.6187490812086618,0.12677671401091817,0.17866409898356755,0.38786597815111,-0.336907758805164,0.5397421695285131,-1.342561646850422,-1.073942543537405,-0.785221347480661,-0.7316316191333255,-3.575404044381992,-0.24658676398188822,-0.4735435625144259,0.49401248332562725,-1.6124464755554548,0.17249895165731283,-0.7986014383459081,0.27636239423147047
N_1033,-0.5529645186433078,-0.6412311765816211,1.6536246643430734,0.1690537238850864,0.851825359150048,-0.2797500447273609,1.2228017468984627,-0.5261314159059102,1.0514433949846136,-0.18164044018632816,1.619774295392967,1.6893955427290126,-2.215861519908977,1.416694270443874,0.11132512261370305,-2.057300810494597,0.002204699874393134,2.433059986833398,-1.0501465606104323,-0.9488546454261885,0.6686938686585863,0.5378739965225912,0.25386394600632894,1.4641416473127657,0.04231950746854644,-1.524605363247242,0.19037743206622476,-0.028189750442443796,-1.395417364387358,-0.17183078799541215,-2.1236680956914857,-1.0200993569139105
N_1034,0.49826482451103415,1.370795563658072,-1.005515144476721,1.7902232365275839,-1.0389979753967993,-0.9399055249273236,-0.39673745019383466,0.22089663533143872,-2.041617498796016,-0.5426823335051881,0.8729658199014128,1.8022841188372982,-0.6063833596200775,0.9820150466544642,0.06387749174065405,0.4585994509948647,0.3936396403197872,0.5612192276372306,-0.08413531395266349,1.4201259015654144,0.7758709491887221,1.5654309427618422,0.6698364827384118,0.24448657713577687,0.6929126792351564,-0.667916906640342,-0.4720424591709593,0.06073223085534107,-0.12244950070517423,1.5075044229435872,-2.214452036952439,0.3083265435956491
N_1035,-0.6788139096797471,1.080600089967256,0.5149465164725032,-0.13636090096334136,-1.9369562309167063,0.27591407265626855,-0.26778729009666113,-0.8682877917383434,-0.6795409598718356,-0.540671589948329,-0.43381451689491,-1.0974057263658235,1.237194725095975,-0.9415246707914411,0.2854604081065605,-1.1989700207944756,-0.8622937433341995,0.6030070548873695,1.1408060527673145,0.22145836580793032,0.06749873608925104,-0.8323091162153946,-0.2516877631262515,-0.7868571250293747,0.3223412418391989,-1.9273210012294808,0.701144052326378,-1.5109251380244912,-1.6866274452372951,0.9773158549316028,0.114258347189048,0.09786989475356742
N_1036,-0.8938365483831571,-0.4143598988749643,1.5753697742401616,2.1928086963167592,0.248414999218786,-3.260077273662916,2.0706893111564493,0.2971617920338556,0.62166093054945,-0.01974742386606447,-0.10023729337655503,-1.244025407433175,2.215621292338813,1.1497609945646443,-1.3056984840745562,0.8127353717432586,0.35474220355790187,0.7053575288680399,-0.01667240529357073,-0.09134337034880384,0.23960807231888848,-0.574175960088691,-0.3712066137905239,-0.3483394418743819,0.7382692946408501,-0.12267899817168032,-1.8922240241978845,1.2097390422191618,1.75938151803818,0.11951061620141647,1.064829329210763,0.5613063287999528
N_1037,-0.2415208744928187,-0.7357516411809866,1.6274563096449273,-0.2001429067041759,2.0101681885868588,0.1995220182576843,0.047244934094192594,0.46684529470608294,-2.164526641750858,0.3342474714183137,-0.607178351805794,-0.5265875936478153,-0.7057634315931662,1.7063476311797787,-1.6701546860998524,-0.19428628947562798,0.2873253379292357,-0.23272105331822027,-0.6227857324891786,0.21920983922523066,0.4585670182876839,-0.5820025359180636,-0.16297336327431353,-0.39404317686701495,-0.059607952974326577,1.4459148930186647,-0.695801607284812,1.6833675290701011,-0.34915447777086944,-0.35018351434826606,-0.20935720933305896,-0.5773934357462718
N_1038,-0.03154247841787608,0.8260699915291927,0.6252101837918496,1.0015669271699328,-1.3469790226108511,-0.06204334620494113,-0.6683497733622292,-1.1722660153207078,-1.0302490958449937,-0.48853264354960946,0.08575116677608599,0.9695344685221685,0.29420848830508983,-0.7616264581097965,0.33495279201738,-0.031271453149086546,-0.5790372191830659,-0.26276422561646723,-1.381906536974501,-1.4798345083090216,1.376772704213956,0.9207348035876319,0.8572320360171211,0.6071449132266991,0.02558385125893112,0.7319683057376647,-0.11287924936182417,-2.0524679053961585,-1.1355442104405271,0.8580588997161612,-0.5000678973564568,0.40443044999445554
N_1039,0.803589250612532,-0.699946693226357,0.2941664321042225,-0.44992253226260587,0.903293473018756,0.6405156560830579,1.6511854465849707,-0.8901698102682798,0.7330038706153684,-0.4058457324478333,-0.49922692235413707,0.892321733910016,1.927304855845792,-0.572347296418953,0.5000374232468577,-0.5028102791232938,1.058663533025631,-0.8864418296162571,0.17442656720989833,1.7451205803003327,-0.2733032692568205,1.5331200977729136,-0.4473997819304869,-0.7394364032277712,-2.209077383541735,0.546832794902607,0.034765180231112094,0.9881110377561559,0.3798943739181766,1.0479750856020507,-0.8866020810448989,-0.6579291445540499
N_1040,0.008081640930743282,1.8115007557593783,1.1485199167998437,0.7376941838112474,1.2173357227602528,-1.6752179770342737,0.5579301893323256,-1.0493731269612587,0.21848547670143859,1.305952574887226,-1.5079143590557738,0.646203221807365,0.49952202593152506,-0.8677728119452968,0.5085794786473267,2.2955682984332904,-2.435091764021171,-1.1577833588391222,1.0337819514059305,-0.27877341423996965,-0.6335030947852648,-0.457751304023222,-0.17334257015959786,1.2140672242649577,-1.8369518902867563,0.09046537394775246,-0.956597127225939,1.1508150223582665,0.006661152689478351,-0.48060355373260455,1.4252625873960347,-0.9373240694375788
N_1041,-0.12516075682330202,-0.7803874887517462,0.3647760228682401,0.2730429062432285,-0.4995808131418609,0.9201671828460344,-0.056092195510964886,0.5135884448768215,0.6097230598132376,-1.4574449273815269,0.34162716956933653,0.7003615359802274,1.427136101721395,0.2795799048267841,-0.5432688648643362,-0.1367766532172457,-0.34951690882283115,-0.5359404593951802,1.7299511106750651,-0.19623572113601015,-1.1554874879267778,0.18788327441541994,0.28375685787191834,-1.0762979249293083,2.0625490474359602,-0.3464212965671417,0.9862858647529062,-1.0606410583822354,0.7453295354299552,0.7011542745288336,-1.7648703148690323,-0.9956595723507137
N_1042,-1.4732360918172827,1.1544538951468128,-1.205571018391628,-0.926889505687536,0.7158221062041118,-0.11049884133427931,0.708501399647518,0.8630689476151887,-0.5870240883272297,0.4825064823229024,0.30754992369186424,-1.56999011204018,0.46582228822157445,-0.9702896852288357,0.3095327043138479,-0.44251465675065904,1.7595838239445911,0.8152031633627903,0.2976883167488085,-0.07758429004142953,0.13965841141694485,-0.5071824204660991,0.32337342788173223,-0.2608953908000189,-1.4135833733402363,0.7962732603802201,1.0754434944433888,-0.9859584425444342,-1.594992796069369,-1.7862592965657647,0.753341974652418,-1.0103216255365737
N_1043,1.313408189279768,1.3996436658350715,-2.5461948109794155,-0.3433035214931945,0.19896238560674806,0.1703607287227139,0.1348609652216047,-2.2607285694154684,0.010830223708791263,3.111968018892056,-0.5641940513286681,0.3021302969502864,-0.9006453056035013,-0.2533870342011288,1.0244554906352281,-0.6531100300592414,0.24465757107731742,0.24720189358365777,0.19516614125004791,-0.8651797694789856,-1.24057701813658,-0.5635285144911214,0.3336066890853889,-1.198732975921482,-0.914934350137106,2.240566200631718,-0.19967253627926063,-0.8835938789653639,0.033188516282742865,1.1266570152723863,3.20826665164127,-0.9512169907915679
N_1044,-1.4332347298430377,0.6757366950268376,0.5338420860468174,0.073399626265113,1.0645876686245181,0.6619910994684468,-0.26110185826264465,0.01741165888926312,-0.21248253405825712,0.037415590195007876,-1.1759456330365494,-0.45783929831497244,-0.7144987267179113,1.0058196291411485,-0.33572647160019775,0.055203660776732846,0.7378058713282913,-0.21109425500453996,-1.0058363841487763,0.44098475805200044,1.4796203130404149,0.9959503713426036,1.3230607040188487,1.397739962753966,0.33917502890812173,1.3023661508213253,-0.1910100400294544,0.827713566156886,-0.09914522056249343,-0.32790348391003005,-0.6694105151562203,0.11857012123539606
N_1045,-1.3324897163708669,-0.7727310941710144,3.26918274787585,-1.0054014504858457,-1.70918729446745,-2.856388583374143,-0.05384804461710292,-0.5082910695048316,0.29302580400643813,0.11874978200327611,-1.258168341730686,-1.207965356952359,0.5998470405603008,-0.4563683602402961,-1.6549802635613537,0.7945443483723992,0.32267975979611085,-0.2209046038067809,0.2807703962208096,-1.0204923229421257,-1.4716132805826547,1.647724429846383,-1.0389146643642069,-1.0184288552753935,-1.0404049979543974,-1.9505565961686255,-1.4530643019564176,1.7610680210418328,0.4822890242334341,-0.07608067442461375,0.3868677657444949,0.9505430162224887
N_1046,0.23328840791782007,0.46670245353387696,-1.4597150648240915,-0.4889940375932399,-2.0631252396667903,0.7862002850521417,0.07938813003968406,-1.2988072129214727,-0.593152859491149,-1.7688573823207676,-0.9868317018523289,-0.07297357918891854,0.10769653110010705,-0.33880518181270114,-1.5347007695370432,1.4973219962438795,-0.34711803568294897,-0.09538301719510088,-0.9466268394238875,-0.7703545586010897,1.83258508849226,-1.2528291395926503,0.5542020449144582,-1.1881798315708876,0.9194452261062289,-0.30298837794412564,-0.34034357090979617,-0.7729671689114278,0.6243101164676422,0.38856872770857526,-0.43342315423623157,-0.8089638197425967
